sku,source_row_number,reasons,source_name,operational_name,source_description,operational_description,source_length_mm,source_width_mm,source_height_mm,source_outer_l_mm,source_outer_w_mm,source_outer_h_mm,operational_length_m,operational_width_m,operational_height_m,source_weight_kg,operational_weight_kg,source_cubic_m3,operational_cubic_m3,source_pallet,source_derived_cp,operational_cp,possible_unit_scale_warning,draft_name,draft_description,draft_dimensions,draft_weight,draft_cubic,draft_freight_type,previously_resolved_detected,identical_source_detected,bulk_safety_status,bulk_safety_issues,related_draft_memory_payloads_json
20772,6792,SOURCE_DIMENSIONS_ZERO | DIMENSIONS_DIFFERENT | WEIGHT_DIFFERENT | CUBIC_DIFFERENT,Wheel Sup OffRd 500mm Max875kg,Wheel Sup OffRd 500mm Max875kg,"Wheel Support Device ""Offroad"" (500 mm) 1 Set = 4 Pcs. Capacity Per Item Max. 875 Kg","Wheel Support Device ""Offroad"" (500 mm) 1 Set = 4 Pcs. Capacity Per Item Max. 875 Kg",0.000000,0.000000,0.000000,0.0,0.0,0.0,1.2000,0.8000,0.3500,45.200000,70.0000,0.184000,0.336000,0.000000,C,C,,,,,,,,False,False,UNKNOWN_DRAFT,,[]
20985,6824,SOURCE_DIMENSIONS_ZERO | DIMENSIONS_DIFFERENT | WEIGHT_DIFFERENT | CUBIC_DIFFERENT,Wheel Sup Std 400mm Max875 Kg,Wheel Sup Std 400mm Max875 Kg,"Wheel Support Device ""Standard"" (400 mm) 1 Set = 4 Pieces, Capacity Per Item Max. 875 Kg","Wheel Support Device ""Standard"" (400 mm) 1 Set = 4 Pieces, Capacity Per Item Max. 875 Kg",0.000000,0.000000,0.000000,0.0,0.0,0.0,1.2000,0.8000,0.6000,40.000000,280.0000,0.152000,0.576000,0.000000,C,C,,,,,,,,False,False,UNKNOWN_DRAFT,,[]
4.3CP-JARVIS-1,9460,,Hoist- Jarvis Trinity Gardens,Hoist- Jarvis Trinity Gardens,Hoist- Jarvis Trinity Gardens,Hoist- Jarvis Trinity Gardens,4960.000000,2120.000000,700.000000,4960.0,2120.0,700.0,4.9600,2.1200,0.7000,2500.000000,2500.0000,7.361000,7.361000,1.000000,P,P,,,,,,,,False,False,UNKNOWN_DRAFT,,[]
4.3CP-JARVIS-2,9461,,Pallet -Jarvis Trinity Gardens,Pallet -Jarvis Trinity Gardens,Pallet - Jarvis Trinity Gardens,Pallet - Jarvis Trinity Gardens,700.000000,700.000000,2120.000000,700.0,700.0,2120.0,0.7000,0.7000,2.1200,300.000000,300.0000,1.039000,1.039000,1.000000,P,P,,,,,,,,False,False,UNKNOWN_DRAFT,,[]
40UE,9637,SOURCE_DIMENSIONS_ZERO | DIMENSIONS_DIFFERENT | WEIGHT_DIFFERENT,BrdbryHst40UE-3ph(Part 1 of 2),BrdbryHst40UE-3ph(Part 1 of 2),Bradbury Hoist 40UE 2PST - 3ph - Include Power Unit,Bradbury Hoist 40UE 2PST - 3ph - Include Power Unit,0.000000,0.000000,0.000000,3750.0,450.0,750.0,3.7500,0.4500,0.7500,703.000000,800.0000,3.701000,3.701000,1.000000,P,P,,,,,,,,False,False,UNKNOWN_DRAFT,,[]
75S-Q,15402,,Mobile 75S Q/tine (Barth Bros),Mobile 75S Q/tine (Barth Bros),Mobile 75S Quarantine (Barth Bros) 4 Columns = 1 Set/Item,Mobile 75S Quarantine (Barth Bros) 4 Columns = 1 Set/Item,1170.000000,1170.000000,2580.000000,1170.0,1170.0,2580.0,1.1700,1.1700,2.5800,2164.000000,2164.0000,14.128000,14.128000,4.000000,P,P,,,,,,,,False,False,UNKNOWN_DRAFT,,[]
778413,15559,,Recess Kit for Magix 30,Recess Kit for Magix 30,Recess Kit for Magix 30,Recess Kit for Magix 30,2170.000000,790.000000,350.000000,2170.0,790.0,350.0,2.1700,0.7900,0.3500,77.000000,77.0000,0.600000,0.600000,1.000000,P,P,,,,,,,,False,False,UNKNOWN_DRAFT,,[]
778483,15562,,Imbedding Frame MagiX 35 DS II,Imbedding Frame MagiX 35 DS II,"Imbedding Frame MagiX 35 DS II, Galvanised for recessed install","Imbedding Frame MagiX 35 DS II, Galvanised for recessed install",2340.000000,900.000000,370.000000,2340.0,900.0,370.0,2.3400,0.9000,0.3700,90.000000,90.0000,0.779000,0.779000,1.000000,P,P,,,,,,,,False,False,UNKNOWN_DRAFT,,[]
794037,15636,CUBIC_DIFFERENT,Traverse Kit,Traverse Kit,Traverse Kit,Traverse Kit,1500.000000,290.000000,320.000000,1500.0,290.0,320.0,1.5000,0.2900,0.3200,55.000000,55.0000,0.139000,0.139200,1.000000,P,P,,,,,,,,False,False,UNKNOWN_DRAFT,,[]
835318,15796,,Set of Platform Extensions,Set of Platform Extensions,Set of Platform Extensions,Set of Platform Extensions,910.000000,620.000000,490.000000,910.0,620.0,490.0,0.9100,0.6200,0.4900,113.000000,113.0000,0.276000,0.276000,1.000000,P,P,,,,,,,,False,False,UNKNOWN_DRAFT,,[]
BFRAME,18275,,BASE FRAME,BASE FRAME,Base Frame - SKID,Base Frame - SKID,1600.000000,150.000000,150.000000,1600.0,150.0,150.0,1.6000,0.1500,0.1500,48.000000,48.0000,0.036000,0.036000,1.000000,P,P,,,,,,,,False,False,UNKNOWN_DRAFT,,[]
BIGLIFT-2.55,18364,,Biglift 2.55 In-Ground Hoist,Biglift 2.55 In-Ground Hoist,Biglift 2.55 In-Ground Hoist,Biglift 2.55 In-Ground Hoist,2600.000000,1100.000000,800.000000,2600.0,1100.0,800.0,2.6000,1.1000,0.8000,770.000000,770.0000,2.288000,2.288000,1.000000,P,P,,,,,,,,False,False,UNKNOWN_DRAFT,,[]
BRH4443,19546,SOURCE_DIMENSIONS_ZERO | DIMENSIONS_DIFFERENT,Bradbury Hoist H4443 - 3 Parts,Bradbury Hoist H4443 - 3 Parts,Bradbury Hoist H4443 - 3 Parts,Bradbury Hoist H4443 - 3 Parts,0.000000,0.000000,0.000000,4700.0,750.0,1050.0,4.7000,0.7500,1.0500,1750.000000,1750.0000,3.701000,3.701000,3.000000,P,P,,,,,,,,False,False,UNKNOWN_DRAFT,,[]
BRH4543,19547,SOURCE_DIMENSIONS_ZERO | DIMENSIONS_DIFFERENT,Bradbury Hoist H4543 - 3 Parts,Bradbury Hoist H4543 - 3 Parts,Bradbury Hoist H4543 - 3 Parts,Bradbury Hoist H4543 - 3 Parts,0.000000,0.000000,0.000000,5850.0,910.0,420.0,5.8500,0.9100,0.4200,2242.000000,2242.0000,4.851000,4.851000,3.000000,P,P,,,,,,,,False,False,UNKNOWN_DRAFT,,[]
BRH4543+4,19548,SOURCE_DIMENSIONS_ZERO | DIMENSIONS_DIFFERENT,Major 5230 Bradbury  - 4 Parts,Major 5230 Bradbury  - 4 Parts,Major 5230 Bradbury Wheel Free - 4 Parts,Major 5230 Bradbury Wheel Free - 4 Parts,0.000000,0.000000,0.000000,5850.0,910.0,420.0,5.8500,0.9100,0.4200,2256.000000,2256.0000,5.069000,5.069000,4.000000,P,P,,,,,,,,False,False,UNKNOWN_DRAFT,,[]
CASSETTE,21641,,12276 - Cassette 2300mm,12276 - Cassette 2300mm,12276 - Cassette 2300mm,12276 - Cassette 2300mm,2560.000000,520.000000,2450.000000,2560.0,520.0,2450.0,2.5600,0.5200,2.4500,580.000000,580.0000,3.261000,3.261000,1.000000,P,P,,,,,,,,False,False,UNKNOWN_DRAFT,,[]
CASSETTE-SKODA,21642,,Cassette for Inground Hoist,Cassette for Inground Hoist,Cassette for Inground Hoist,Cassette for Inground Hoist,2570.000000,1560.000000,2580.000000,2570.0,1560.0,2580.0,2.5700,1.5600,2.5800,1760.000000,1760.0000,10.344000,10.344000,1.000000,P,P,,,,,,,,False,False,UNKNOWN_DRAFT,,[]
CASSETTE12103,21643,,12103 - Cassette 2300mm,12103 - Cassette 2300mm,12103- Cassette 2300mm,12103- Cassette 2300mm,2560.000000,520.000000,2450.000000,2560.0,520.0,2450.0,2.5600,0.5200,2.4500,580.000000,580.0000,3.261000,3.261000,1.000000,P,P,,,,,,,,False,False,UNKNOWN_DRAFT,,[]
CM245-A,22535,,Electro-Hydraulic Two Post Hst,Electro-Hydraulic Two Post Hst,Electro-Hydraulic Two Post Hoist,Electro-Hydraulic Two Post Hoist,4000.000000,930.000000,520.000000,4000.0,930.0,520.0,4.0000,0.9300,0.5200,947.000000,947.0000,1.934000,1.934000,1.000000,P,P,,,,,,,,False,False,UNKNOWN_DRAFT,,[]
CM245-A-1PH,22536,,Electro-Hydr Two Post Hst 1PH,Electro-Hydr Two Post Hst 1PH,Electro-Hydraulic Two Post Hoist Single Phase (1PH),Electro-Hydraulic Two Post Hoist Single Phase (1PH),4000.000000,930.000000,520.000000,4000.0,930.0,520.0,4.0000,0.9300,0.5200,947.000000,947.0000,1.934000,1.934000,1.000000,P,P,,,,,,,,False,False,UNKNOWN_DRAFT,,[]
CM245-A-Q,22538,,Elec-Hyd TwoPost - Quarantine,Elec-Hyd TwoPost - Quarantine,Electro-Hydraulic Two Post Hoist - Missing Parts,Electro-Hydraulic Two Post Hoist - Missing Parts,4000.000000,930.000000,520.000000,4000.0,930.0,520.0,4.0000,0.9300,0.5200,947.000000,947.0000,1.934000,1.934000,1.000000,P,P,,,,,,,,False,False,UNKNOWN_DRAFT,,[]
CM245-AS,22540,,Electro-Hydraulic 2 Post Hoist,Electro-Hydraulic 2 Post Hoist,Electro-Hydraulic Two Post Hoist,Electro-Hydraulic Two Post Hoist,2930.000000,1120.000000,500.000000,2930.0,1120.0,500.0,2.9300,1.1200,0.5000,825.000000,825.0000,1.641000,1.641000,1.000000,P,P,,,,,,,,False,False,UNKNOWN_DRAFT,,[]
CM245-AS-1PH,22542,,Electro-Hydraulic 2 Post Hoist,Electro-Hydraulic 2 Post Hoist,Electro-Hydraulic Two Post Hoist (Single Phase),Electro-Hydraulic Two Post Hoist (Single Phase),2930.000000,1120.000000,500.000000,2930.0,1120.0,500.0,2.9300,1.1200,0.5000,825.000000,825.0000,1.641000,1.641000,1.000000,P,P,,,,,,,,False,False,UNKNOWN_DRAFT,,[]
CM245-AS-SPKIT,22550,SOURCE_DIMENSIONS_ZERO | DIMENSIONS_DIFFERENT | WEIGHT_DIFFERENT | CUBIC_DIFFERENT,CM245-AS Spacer Kit,CM245-AS Spacer Kit,CM245-AS Spacer Kit,CM245-AS Spacer Kit,0.000000,0.000000,0.000000,180.0,160.0,90.0,0.1800,0.1600,0.0900,1.000000,210.0000,0.002600,0.545000,1.000000,P,P,,,,,,,,False,False,UNKNOWN_DRAFT,,[]
CM255-A,22552,CUBIC_DIFFERENT,2 Post 5.5T Hoist - RAL2002,2 Post 5.5T Hoist - RAL2002,2 Post 5.5T Hoist -  MASCOT (RAL2002),2 Post 5.5T Hoist -  MASCOT (RAL2002),4000.000000,1010.000000,690.000000,4000.0,1010.0,690.0,4.0000,1.0100,0.6900,1058.000000,1058.0000,3.074000,2.788000,1.000000,P,P,,,,,,,,False,False,UNKNOWN_DRAFT,,[]
CM350-LS,22557,DIMENSIONS_DIFFERENT,Mid Rise Scissor 3.5T 2Parts,Mid Rise Scissor 3.5T 2Parts,Mid Rise Scissor 3.5T - This has 2  Parts to it.,Mid Rise Scissor 3.5T - This has 2  Parts to it.,2180.000000,2080.000000,520.000000,2180.0,2080.0,560.0,2.1800,2.0800,0.5600,689.000000,689.0000,1.319000,1.319000,2.000000,P,P,,,,,,,,False,False,UNKNOWN_DRAFT,,[]
CM360,22558,WEIGHT_DIFFERENT | CUBIC_DIFFERENT,Double Scissor 3.6T 2PT,Double Scissor 3.6T 2PT,Double Scissor 3.6T has 2 Crates,Double Scissor 3.6T has 2 Crates,1700.000000,720.000000,860.000000,1700.0,720.0,860.0,1.7000,0.7200,0.8600,848.000000,792.0000,0.803000,1.052000,2.000000,P,P,,,,,,,,False,False,UNKNOWN_DRAFT,,[]
CM5500-A,22564,,Platform Scissor 5.5T4.6m,Platform Scissor 5.5T4.6m,Platform Scissor 5.5T4.6m,Platform Scissor 5.5T4.6m,5300.000000,780.000000,750.000000,5300.0,780.0,750.0,5.3000,0.7800,0.7500,3055.000000,3055.0000,3.101000,3.101000,3.000000,P,P,,,,,,,,False,False,UNKNOWN_DRAFT,,[]
CM5500-AL,22566,DIMENSIONS_DIFFERENT,Platform Scissor 5.5T 3Parts,Platform Scissor 5.5T 3Parts,Platform Scissor 5.5T 3 Parts,Platform Scissor 5.5T 3 Parts,5300.000000,780.000000,750.000000,5220.0,1380.0,760.0,5.2200,1.3800,0.7600,3058.000000,3058.0000,3.642000,3.642000,3.000000,P,P,,,,,,,,False,False,UNKNOWN_DRAFT,,[]
CRATE01,22817,CUBIC_DIFFERENT,Crate of Spare Parts,Crate of Spare Parts,Crate of Spare Parts,Crate of Spare Parts,1480.000000,1000.000000,840.000000,1480.0,1000.0,840.0,1.4800,1.0000,0.8400,259.000000,259.0000,0.000000,0.001000,1.000000,P,P,,,,,,,,False,False,UNKNOWN_DRAFT,,[]
CRATE02,22818,,Crate of Spare Parts,Crate of Spare Parts,Crate of Spare Parts,Crate of Spare Parts,1020.000000,720.000000,760.000000,1020.0,720.0,760.0,1.0200,0.7200,0.7600,53.000000,53.0000,0.558000,0.558000,1.000000,P,P,,,,,,,,False,False,UNKNOWN_DRAFT,,[]
CRATE03,22819,,Crate of Spare Parts,Crate of Spare Parts,Crate of Spare Parts,Crate of Spare Parts,2220.000000,310.000000,300.000000,2220.0,310.0,300.0,2.2200,0.3100,0.3000,142.000000,142.0000,0.206000,0.206000,1.000000,P,P,,,,,,,,False,False,UNKNOWN_DRAFT,,[]
CRATE04,22820,,Crate of Spare Parts,Crate of Spare Parts,Crate of Spare Parts,Crate of Spare Parts,2220.000000,520.000000,300.000000,2220.0,520.0,300.0,2.2200,0.5200,0.3000,277.000000,277.0000,0.346000,0.346000,1.000000,P,P,,,,,,,,False,False,UNKNOWN_DRAFT,,[]
CRATE05,22821,,Crate of Spare Parts,Crate of Spare Parts,Crate of Spare Parts,Crate of Spare Parts,2670.000000,220.000000,330.000000,2670.0,220.0,330.0,2.6700,0.2200,0.3300,28.000000,28.0000,0.194000,0.194000,1.000000,P,P,,,,,,,,False,False,UNKNOWN_DRAFT,,[]
CRATE06,22822,,Crate of Spare Parts,Crate of Spare Parts,Crate of Spare Parts,Crate of Spare Parts,1320.000000,620.000000,720.000000,1320.0,620.0,720.0,1.3200,0.6200,0.7200,204.000000,204.0000,0.589000,0.589000,1.000000,P,P,,,,,,,,False,False,UNKNOWN_DRAFT,,[]
CRATE07,22823,,Crate of Spare Parts,Crate of Spare Parts,Crate of Spare Parts,Crate of Spare Parts,1320.000000,620.000000,720.000000,1320.0,620.0,720.0,1.3200,0.6200,0.7200,150.000000,150.0000,0.589000,0.589000,1.000000,P,P,,,,,,,,False,False,UNKNOWN_DRAFT,,[]
CRATE08,22824,,Crate of Spare Parts,Crate of Spare Parts,Crate of Spare Parts,Crate of Spare Parts,1320.000000,620.000000,720.000000,1320.0,620.0,720.0,1.3200,0.6200,0.7200,239.000000,239.0000,0.589000,0.589000,1.000000,P,P,,,,,,,,False,False,UNKNOWN_DRAFT,,[]
CROSS-BAR,22869,WEIGHT_DIFFERENT,Cross-Bar for CM5500-A Hoist,Cross-Bar for CM5500-A Hoist,Cross-Bar for  CM5500-A Hoist,Cross-Bar for  CM5500-A Hoist,2420.000000,410.000000,380.000000,2420.0,410.0,380.0,2.4200,0.4100,0.3800,94.000000,658.0000,0.377000,0.377000,1.000000,P,P,,,,,,,,False,False,UNKNOWN_DRAFT,,[]
DL240B,24590,,DunlopBase TwoPostHoist SL,DunlopBase TwoPostHoist SL,Dunlop Base Two Post Hoist Single Phase,Dunlop Base Two Post Hoist Single Phase,2870.000000,840.000000,510.000000,2870.0,840.0,510.0,2.8700,0.8400,0.5100,821.000000,821.0000,1.230000,1.230000,1.000000,P,P,,,,,,,,False,False,UNKNOWN_DRAFT,,[]
DL240B-PARTB,24592,,Dunlop TwoPostHoist SL Part B,Dunlop TwoPostHoist SL Part B,Dunlop Base Two Post Hoist Single Phase Part B,Dunlop Base Two Post Hoist Single Phase Part B,3260.000000,470.000000,150.000000,3260.0,470.0,150.0,3.2600,0.4700,0.1500,162.000000,162.0000,0.230000,0.230000,1.000000,P,P,,,,,,,,False,False,UNKNOWN_DRAFT,,[]
DL240BPART,24593,,Part B of DL240B,Part B of DL240B,Part B of DL240B,Part B of DL240B,3300.000000,470.000000,160.000000,3300.0,470.0,160.0,3.3000,0.4700,0.1600,100.000000,100.0000,0.248000,0.248000,1.000000,P,P,,,,,,,,False,False,UNKNOWN_DRAFT,,[]
DSSDK,24691,SOURCE_DIMENSIONS_ZERO | DIMENSIONS_DIFFERENT,Double Scissor - SM300,Double Scissor - SM300,Double Scissor,Double Scissor,0.000000,0.000000,0.000000,2750.0,760.0,760.0,2.7500,0.7600,0.7600,877.000000,877.0000,0.977000,0.977000,1.000000,P,P,,,,,,,,False,False,UNKNOWN_DRAFT,,[]
GREENCARE,26497,SOURCE_DIMENSIONS_ZERO | DIMENSIONS_DIFFERENT | CUBIC_DIFFERENT,Maestro 2.20 Grn Care 2 Parts,Maestro 2.20 Grn Care 2 Parts,Maestro 2.20 Green Care - 2 Parts,Maestro 2.20 Green Care - 2 Parts,0.000000,0.000000,0.000000,4730.0,1000.0,490.0,4.7300,1.0000,0.4900,860.000000,860.0000,2.031000,1.900000,2.000000,P,P,,,,,,,,False,False,UNKNOWN_DRAFT,,[]
H2401B,26635,,Bradbury 2 Post Single Phase,Bradbury 2 Post Single Phase,Bradbury 2 Post Hoist Single Phase,Bradbury 2 Post Hoist Single Phase,2930.000000,1120.000000,500.000000,2930.0,1120.0,500.0,2.9300,1.1200,0.5000,890.000000,890.0000,1.641000,1.641000,1.000000,P,P,,,,,,,,False,False,UNKNOWN_DRAFT,,[]
H4443,26664,SOURCE_DIMENSIONS_ZERO | DIMENSIONS_DIFFERENT,Bradbury Wheels Free Hoist,Bradbury Wheels Free Hoist,Bradbury Wheels Free Hoist,Bradbury Wheels Free Hoist,0.000000,0.000000,0.000000,4730.0,840.0,420.0,4.7300,0.8400,0.4200,1735.000000,1735.0000,4.276000,4.276000,4.000000,P,P,,,,,,,,False,False,UNKNOWN_DRAFT,,[]
H4443-WA,26665,SOURCE_DIMENSIONS_ZERO | DIMENSIONS_DIFFERENT | CUBIC_DIFFERENT,Bradbury Hoist H4443 - 3 Parts,Bradbury Hoist H4443 - 3 Parts,Bradbury Hoist H4443 - 3 Parts,Bradbury Hoist H4443 - 3 Parts,0.000000,0.000000,0.000000,5850.0,840.0,420.0,5.8500,0.8400,0.4200,1728.000000,1728.0000,4.060000,4.058000,3.000000,P,P,,,,,,,,False,False,UNKNOWN_DRAFT,,[]
H4543,26666,SOURCE_DIMENSIONS_ZERO | DIMENSIONS_DIFFERENT | WEIGHT_DIFFERENT | CUBIC_DIFFERENT,Bradbury Wheels Free Hoist,Bradbury Wheels Free Hoist,Bradbury Wheels Free Hoist,Bradbury Wheels Free Hoist,0.000000,0.000000,0.000000,1150.0,910.0,420.0,1.1500,0.9100,0.4200,2277.000000,2249.0000,7.045000,5.069000,3.000000,P,P,,,,,,,,False,False,UNKNOWN_DRAFT,,[]
H4543-LEDKIT,26667,SOURCE_DIMENSIONS_ZERO | DIMENSIONS_DIFFERENT | WEIGHT_DIFFERENT | CUBIC_DIFFERENT,LED Kit for H4543 Hoist,LED Kit for H4543 Hoist,LED Kit for H4543 Hoist,LED Kit for H4543 Hoist,0.000000,0.000000,0.000000,820.0,200.0,200.0,0.8200,0.2000,0.2000,13.600000,353.6000,0.062000,1.612000,1.000000,P,P,,,,,,,,False,False,UNKNOWN_DRAFT,,[]
IMBEDDING-FRAME,27376,,Imbedding frame for Magix 35,Imbedding frame for Magix 35,Imbeddding Frame for Magix 35DS-2,Imbeddding Frame for Magix 35DS-2,2320.000000,910.000000,350.000000,2320.0,910.0,350.0,2.3200,0.9100,0.3500,34.000000,34.0000,0.739000,0.739000,1.000000,P,P,,,,,,,,False,False,UNKNOWN_DRAFT,,[]
J201-4010000,27469,SOURCE_DIMENSIONS_ZERO | DIMENSIONS_DIFFERENT | POSSIBLE_MM_CM_SCALE,Column Extension - 600mm,Column Extension - 600mm,Column Extension 600mm,Column Extension 600mm,0.000000,0.000000,0.000000,8200.0,3500.0,6400.0,0.8200,0.3500,0.6400,62.000000,62.0000,0.184000,0.184000,1.000000,P,P,TL_APPROX_10X_OPERATIONAL,,,,,,,False,False,UNKNOWN_DRAFT,,[]
J201-4020000,27470,SOURCE_DIMENSIONS_ZERO | DIMENSIONS_DIFFERENT | CUBIC_DIFFERENT | POSSIBLE_MM_CM_SCALE,Column Extension (1200mm),Column Extension (1200mm),Column Extension (1200mm),Column Extension (1200mm),0.000000,0.000000,0.000000,14000.0,3500.0,6000.0,1.3900,0.3600,0.6500,112.000000,112.0000,0.325500,0.325000,1.000000,P,P,TL_APPROX_10X_OPERATIONAL,,,,,,,False,False,UNKNOWN_DRAFT,,[]
J201-4070000,27471,SOURCE_DIMENSIONS_ZERO | DIMENSIONS_DIFFERENT | WEIGHT_DIFFERENT | CUBIC_DIFFERENT,Pad Extension Kit 80 + 180mm,Pad Extension Kit 80 + 180mm,"Pad Extension Kit 80 + 180mm (7pc of each size, 2 bracket)","Pad Extension Kit 80 + 180mm (7pc of each size, 2 bracket)",0.000000,0.000000,0.000000,2120.0,170.0,170.0,2.1200,0.1700,0.1700,12.300000,1230.0000,0.009500,0.954000,1.000000,P,P,,,,,,,,False,False,UNKNOWN_DRAFT,,[]
J213-1041000,27474,SOURCE_DIMENSIONS_ZERO | DIMENSIONS_DIFFERENT | WEIGHT_DIFFERENT | CUBIC_DIFFERENT,Carrage,Carrage,"Pad Extension Kit 80 + 180mm (7pc of each size, 2 bracket)","Pad Extension Kit 80 + 180mm (7pc of each size, 2 bracket)",0.000000,0.000000,0.000000,4600.0,320.0,520.0,4.6000,0.3200,0.5200,0.770000,77.0000,0.009500,0.954000,1.000000,P,P,,,,,,,,False,False,UNKNOWN_DRAFT,,[]
J301-2200000,27491,DIMENSIONS_DIFFERENT | WEIGHT_DIFFERENT | CUBIC_DIFFERENT,Cross Bar Set CM5500,Cross Bar Set CM5500,Cross Bar Set CM5500 RAL 9005,Cross Bar Set CM5500 RAL 9005,2320.000000,320.000000,270.000000,22500.0,2900.0,2500.0,9.9900,9.9900,9.9900,100.000000,1005.0000,0.200000,997.002999,1.000000,P,P,,,,,,,,False,False,UNKNOWN_DRAFT,,[]
J404-11900000_2,27511,,J404-1190000 1 Crate 2 Units,J404-1190000 1 Crate 2 Units,J404-1190000 1 Crate Containing 2 Units,J404-1190000 1 Crate Containing 2 Units,1720.000000,660.000000,330.000000,1720.0,660.0,330.0,1.7200,0.6600,0.3300,166.000000,166.0000,0.375000,0.375000,1.000000,P,P,,,,,,,,False,False,UNKNOWN_DRAFT,,[]
J404-11900000_3,27512,,J404-1190000 1 CRATE OF 3,J404-1190000 1 CRATE OF 3,J404-1190000 1 CRATE OF 3,J404-1190000 1 CRATE OF 3,1750.000000,690.000000,460.000000,1750.0,690.0,460.0,1.7500,0.6900,0.4600,245.000000,245.0000,0.555000,0.555000,1.000000,P,P,,,,,,,,False,False,UNKNOWN_DRAFT,,[]
JACKINGBEAM-A,27519,,21089 Jacking Beam A,21089 Jacking Beam A,21089 Jacking Beam A,21089 Jacking Beam A,830.000000,430.000000,350.000000,830.0,430.0,350.0,0.8300,0.4300,0.3500,120.000000,120.0000,0.125000,0.125000,1.000000,P,P,,,,,,,,False,False,UNKNOWN_DRAFT,,[]
JL32RAL5001,27588,,Jumbo Lift 3200 RAL 5001,Jumbo Lift 3200 RAL 5001,"Jumbo Lift 3200 NT HyperFlow Above-Ground w/ CE Stop, RAL 5001","Jumbo Lift 3200 NT HyperFlow Above-Ground w/ CE Stop, RAL 5001",1750.000000,770.000000,770.000000,1750.0,770.0,770.0,1.7500,0.7700,0.7700,920.000000,920.0000,1.038000,1.038000,1.000000,P,P,,,,,,,,False,False,UNKNOWN_DRAFT,,[]
JL32RAL7016,27589,,Jumbo Lift 3200 RAL 7016,Jumbo Lift 3200 RAL 7016,"Jumbo Lift 3200 NT HyperFlow Above-Ground w/ CE Stop, RAL 7016","Jumbo Lift 3200 NT HyperFlow Above-Ground w/ CE Stop, RAL 7016",1750.000000,770.000000,770.000000,1750.0,770.0,770.0,1.7500,0.7700,0.7700,920.000000,920.0000,1.038000,1.038000,1.000000,P,P,,,,,,,,False,False,UNKNOWN_DRAFT,,[]
JL32RAL7016-1PH,27590,,Jumbo Lift 3200 NT 1PH,Jumbo Lift 3200 NT 1PH,Jumbo Lift 3200 NT 1PH,Jumbo Lift 3200 NT 1PH,1750.000000,770.000000,770.000000,1750.0,770.0,770.0,1.7500,0.7700,0.7700,920.000000,920.0000,1.038000,1.038000,1.000000,P,P,,,,,,,,False,False,UNKNOWN_DRAFT,,[]
JUMBO,27607,,Jumbo JLB032 RAL5001,Jumbo JLB032 RAL5001,Jumbo JLB032 RAL5001,Jumbo JLB032 RAL5001,1750.000000,770.000000,770.000000,1750.0,770.0,770.0,1.7500,0.7700,0.7700,920.000000,920.0000,1.038000,1.038000,1.000000,P,P,,,,,,,,False,False,UNKNOWN_DRAFT,,[]
LASER 4.3-CP,28558,,Laser 4.3-CP,Laser 4.3-CP,Laser 4.3-CP,Laser 4.3-CP,4960.000000,2120.000000,700.000000,4960.0,2120.0,700.0,4.9600,2.1200,0.7000,2500.000000,2500.0000,7.361000,7.361000,1.000000,P,P,,,,,,,,False,False,UNKNOWN_DRAFT,,[]
LASER-2.2-CP-LCA,28559,DIMENSIONS_DIFFERENT | CUBIC_DIFFERENT,Laser P/Hoist 3PH - Ral 7016,Laser P/Hoist 3PH - Ral 7016,Laser Parking Hoist 3PH - Ral 7016,Laser Parking Hoist 3PH - Ral 7016,3900.000000,1120.000000,700.000000,3900.0,1120.0,1150.0,3.9000,1.1200,1.1500,1100.000000,1100.0000,3.058000,5.023000,1.000000,P,P,,,,,,,,False,False,UNKNOWN_DRAFT,,[]
LASER-2.2-CP-LCB,28560,DIMENSIONS_DIFFERENT | CUBIC_DIFFERENT,Laser P/Hoist 3PH - Ral 7016,Laser P/Hoist 3PH - Ral 7016,Laser Parking Hoist 3PH - Ral 7016,Laser Parking Hoist 3PH - Ral 7016,3900.000000,1120.000000,700.000000,3900.0,1120.0,1150.0,3.9000,1.1200,1.1500,1100.000000,1100.0000,3.058000,5.023000,1.000000,P,P,,,,,,,,False,False,UNKNOWN_DRAFT,,[]
LASER-2.2CP,28562,,2.2CP Parking Hoist,2.2CP Parking Hoist,2.2CP Parking Hoist,2.2CP Parking Hoist,4400.000000,1120.000000,800.000000,4400.0,1120.0,800.0,4.4000,1.1200,0.8000,1100.000000,1100.0000,3.942000,3.942000,1.000000,P,P,,,,,,,,False,False,UNKNOWN_DRAFT,,[]
LASER-2.2CP-3M-A,28563,DIMENSIONS_DIFFERENT | CUBIC_DIFFERENT,Laser P/Hoist 1PH (Ral 7016),Laser P/Hoist 1PH (Ral 7016),Laser Parking Hoist 1PH (Ral 7016),Laser Parking Hoist 1PH (Ral 7016),3900.000000,1120.000000,700.000000,3900.0,1120.0,1150.0,3.9000,1.1200,1.1500,1100.000000,1100.0000,3.058000,5.023000,1.000000,P,P,,,,,,,,False,False,UNKNOWN_DRAFT,,[]
LASER-2.2CP-A,28565,,2.2CP Parking Hoist Grey,2.2CP Parking Hoist Grey,2.2CP Parking Hoist Grey,2.2CP Parking Hoist Grey,3870.000000,1120.000000,690.000000,3870.0,1120.0,690.0,3.8700,1.1200,0.6900,1100.000000,1100.0000,2.991000,2.991000,1.000000,P,P,,,,,,,,False,False,UNKNOWN_DRAFT,,[]
LASER-2.2CP-A1PH,28566,,2.2CP Parking Hoist 1 Phase,2.2CP Parking Hoist 1 Phase,2.2CP Parking Hoist Grey 1 Phase,2.2CP Parking Hoist Grey 1 Phase,3900.000000,1120.000000,1150.000000,3900.0,1120.0,1150.0,3.9000,1.1200,1.1500,1100.000000,1100.0000,5.023000,5.023000,1.000000,P,P,,,,,,,,False,False,UNKNOWN_DRAFT,,[]
LASER-2.2CP-B,28567,,2.2CP Parking Hoist,2.2CP Parking Hoist,2.2CP Parking Hoist,2.2CP Parking Hoist,3870.000000,1120.000000,690.000000,3870.0,1120.0,690.0,3.8700,1.1200,0.6900,1000.000000,1000.0000,2.991000,2.991000,1.000000,P,P,,,,,,,,False,False,UNKNOWN_DRAFT,,[]
LASER-2.2CP-B1PH,28568,,2.2CP Parking Hoist 1 Phase,2.2CP Parking Hoist 1 Phase,2.2CP Parking Hoist 1 Phase,2.2CP Parking Hoist 1 Phase,4200.000000,1150.000000,720.000000,4200.0,1150.0,720.0,4.2000,1.1500,0.7200,1100.000000,1100.0000,3.478000,3.478000,1.000000,P,P,,,,,,,,False,False,UNKNOWN_DRAFT,,[]
LASER-2.2CP-B3PH,28569,,2.2CP Parking Hoist 3 Phase,2.2CP Parking Hoist 3 Phase,2.2CP Parking Hoist 3 Phase,2.2CP Parking Hoist 3 Phase,4200.000000,1150.000000,720.000000,4200.0,1150.0,720.0,4.2000,1.1500,0.7200,1100.000000,1100.0000,3.478000,3.478000,1.000000,P,P,,,,,,,,False,False,UNKNOWN_DRAFT,,[]
LASER-2.2CP7016,28570,,2.2CP Parking Hoist Grey,2.2CP Parking Hoist Grey,2.2CP Parking Hoist Grey,2.2CP Parking Hoist Grey,4400.000000,1120.000000,800.000000,4400.0,1120.0,800.0,4.4000,1.1200,0.8000,1100.000000,1100.0000,3.942000,3.942000,1.000000,P,P,,,,,,,,False,False,UNKNOWN_DRAFT,,[]
LASER-4.3,28571,SOURCE_DIMENSIONS_ZERO | DIMENSIONS_DIFFERENT,4 Post Car Parking Hoist 3 pts,4 Post Car Parking Hoist 3 pts,4 Post Car Parking Hoist,4 Post Car Parking Hoist,0.000000,0.000000,0.000000,3550.0,1170.0,710.0,3.5500,1.1700,0.7100,2734.000000,2734.0000,8.410000,8.410000,3.000000,P,P,,,,,,,,False,False,UNKNOWN_DRAFT,,[]
LASER2.2-CP2002,28572,SOURCE_DIMENSIONS_ZERO | DIMENSIONS_DIFFERENT,Laser 2.2-CP RAL2002,Laser 2.2-CP RAL2002,Laser 2.2-CP RAL2002,Laser 2.2-CP RAL2002,0.000000,0.000000,0.000000,1350.0,850.0,1250.0,1.3500,0.8500,1.2500,2900.000000,2900.0000,6.510000,6.510000,4.000000,P,P,,,,,,,,False,False,UNKNOWN_DRAFT,,[]
LIGHTING-SET,28754,SOURCE_DIMENSIONS_ZERO | DIMENSIONS_DIFFERENT | WEIGHT_DIFFERENT | CUBIC_DIFFERENT,Lighting Set for Magix 35DS-2,Lighting Set for Magix 35DS-2,Lighting Set for Magix 35DS-2,Lighting Set for Magix 35DS-2,0.000000,0.000000,0.000000,2750.0,210.0,120.0,2.7500,0.2100,0.1200,3.791700,182.0000,0.034000,1.630000,1.000000,P,P,,,,,,,,False,False,UNKNOWN_DRAFT,,[]
M2.35FP,28932,,Maestro 2.35 F Premium,Maestro 2.35 F Premium,Maestro 2.35 F Premium,Maestro 2.35 F Premium,2770.000000,1100.000000,440.000000,2770.0,1100.0,440.0,2.7700,1.1000,0.4400,695.000000,695.0000,1.341000,1.341000,1.000000,P,P,,,,,,,,False,False,UNKNOWN_DRAFT,,[]
M245-25A24013,28933,WEIGHT_DIFFERENT | CUBIC_DIFFERENT,Hydraulic Power Pack 415V P3,Hydraulic Power Pack 415V P3,Hydraulic Power Pack 415V Phase 3,Hydraulic Power Pack 415V Phase 3,1000.000000,1200.000000,1700.000000,1000.0,1200.0,1700.0,1.0000,1.2000,1.7000,23.800000,595.0000,0.081600,2.040000,1.000000,P,P,,,,,,,,False,False,UNKNOWN_DRAFT,,[]
M75HWB,28996,WEIGHT_DIFFERENT | CUBIC_DIFFERENT,Mobile 75 H WB Columns,Mobile 75 H WB Columns,Mobile 75 H WB Columns,Mobile 75 H WB Columns,2450.000000,1150.000000,2300.000000,2450.0,1150.0,2300.0,2.4500,1.1500,2.3000,587.500000,1175.0000,3.240000,6.480000,1.000000,P,P,,,,,,,,False,False,UNKNOWN_DRAFT,,[]
MA232F,29011,SOURCE_DIMENSIONS_ZERO | DIMENSIONS_DIFFERENT,Maestro Hoist 2.32 F,Maestro Hoist 2.32 F,Maestro Hoist 2.32 F,Maestro Hoist 2.32 F,0.000000,0.000000,0.000000,2770.0,1100.0,490.0,2.7700,1.1000,0.4900,641.000000,641.0000,1.482000,1.482000,1.000000,P,P,,,,,,,,False,False,UNKNOWN_DRAFT,,[]
MA235FS,29012,,Maestro Hoist 2.35 F,Maestro Hoist 2.35 F,Maestro Hoist 2.35 F,Maestro Hoist 2.35 F,2750.000000,1100.000000,490.000000,2750.0,1100.0,490.0,2.7500,1.1000,0.4900,688.000000,688.0000,1.482000,1.482000,1.000000,P,P,,,,,,,,False,False,UNKNOWN_DRAFT,,[]
MA235FSP,29013,SOURCE_DIMENSIONS_ZERO | DIMENSIONS_DIFFERENT,Maestro Hoist 2.35 F Sport,Maestro Hoist 2.35 F Sport,Maestro Hoist 2.35 F Sport,Maestro Hoist 2.35 F Sport,0.000000,0.000000,0.000000,2770.0,1100.0,440.0,2.7700,1.1000,0.4400,695.000000,695.0000,1.341000,1.341000,1.000000,P,P,,,,,,,,False,False,UNKNOWN_DRAFT,,[]
MA235FSP-Q,29014,SOURCE_DIMENSIONS_ZERO | DIMENSIONS_DIFFERENT,Maestro Hoist 2.35 F Sport Q,Maestro Hoist 2.35 F Sport Q,Maestro Hoist 2.35 F Sport Quarantine,Maestro Hoist 2.35 F Sport Quarantine,0.000000,0.000000,0.000000,3100.0,1100.0,440.0,3.1000,1.1000,0.4400,695.000000,695.0000,1.341000,1.341000,1.000000,P,P,,,,,,,,False,False,UNKNOWN_DRAFT,,[]
MA250FL,29016,SOURCE_DIMENSIONS_ZERO | DIMENSIONS_DIFFERENT,Maestro Hoist 2.50 FL,Maestro Hoist 2.50 FL,Maestro Hoist 2.50 FL,Maestro Hoist 2.50 FL,0.000000,0.000000,0.000000,2390.0,1160.0,500.0,2.3900,1.1600,0.5000,1133.000000,1133.0000,1.341000,1.341000,1.000000,P,P,,,,,,,,False,False,UNKNOWN_DRAFT,,[]
MA265F,29017,SOURCE_DIMENSIONS_ZERO | DIMENSIONS_DIFFERENT,Maestro Hoist 2.65 F - 2 Parts,Maestro Hoist 2.65 F - 2 Parts,Maestro Hoist 2.65 F - 2 Parts,Maestro Hoist 2.65 F - 2 Parts,0.000000,0.000000,0.000000,2390.0,940.0,430.0,2.3900,0.9400,0.4300,1554.000000,1554.0000,2.767000,2.767000,2.000000,P,P,,,,,,,,False,False,UNKNOWN_DRAFT,,[]
MA265FMB,29018,SOURCE_DIMENSIONS_ZERO | DIMENSIONS_DIFFERENT,Maestro 2.65F - MB - 2 Parts,Maestro 2.65F - MB - 2 Parts,Maestro 2.65F - MB - 2 Parts,Maestro 2.65F - MB - 2 Parts,0.000000,0.000000,0.000000,2390.0,940.0,430.0,2.3900,0.9400,0.4300,1554.000000,1554.0000,2.219000,2.219000,2.000000,P,P,,,,,,,,False,False,UNKNOWN_DRAFT,,[]
MA32F,29020,SOURCE_DIMENSIONS_ZERO | DIMENSIONS_DIFFERENT,Maestro Hoist 32 F,Maestro Hoist 32 F,Maestro Hoist 32 F,Maestro Hoist 32 F,0.000000,0.000000,0.000000,2770.0,1100.0,440.0,2.7700,1.1000,0.4400,695.000000,695.0000,1.341000,1.341000,1.000000,P,P,,,,,,,,False,False,UNKNOWN_DRAFT,,[]
MA35MFP,29021,,Maestro 35 M F Premium,Maestro 35 M F Premium,Maestro 35 M F Premium,Maestro 35 M F Premium,3150.000000,1150.000000,700.000000,3150.0,1150.0,700.0,3.1500,1.1500,0.7000,700.000000,700.0000,2.536000,2.536000,1.000000,P,P,,,,,,,,False,False,UNKNOWN_DRAFT,,[]
MAE2.55F-RAL5002,29033,,Maestro 2.55 F 2 Post RAL5002,Maestro 2.55 F 2 Post RAL5002,Maestro 2.55 F 2 Post Hoist - RAL5002,Maestro 2.55 F 2 Post Hoist - RAL5002,3100.000000,1160.000000,500.000000,3100.0,1160.0,500.0,3.1000,1.1600,0.5000,1133.000000,1133.0000,1.798000,1.798000,1.000000,P,P,,,,,,,,False,False,UNKNOWN_DRAFT,,[]
MAE2.55F-RAL7012,29034,,Maestro 2.55 F 2 Post RAL7012,Maestro 2.55 F 2 Post RAL7012,Maestro 2.55 F 2 Post Hoist - RAL7012/7040,Maestro 2.55 F 2 Post Hoist - RAL7012/7040,3100.000000,1160.000000,500.000000,3100.0,1160.0,500.0,3.1000,1.1600,0.5000,1133.000000,1133.0000,1.798000,1.798000,1.000000,P,P,,,,,,,,False,False,UNKNOWN_DRAFT,,[]
MAESTRO2.32F,29035,,Two Post Hoist RAL5002,Two Post Hoist RAL5002,Two Post Hoist RAL5002,Two Post Hoist RAL5002,2770.000000,1130.000000,440.000000,2770.0,1130.0,440.0,2.7700,1.1300,0.4400,651.000000,651.0000,1.377000,1.377000,1.000000,P,P,,,,,,,,False,False,UNKNOWN_DRAFT,,[]
MAESTRO2.32FARMS,29036,,Maestro 2.32 F Arm Set,Maestro 2.32 F Arm Set,Maestro 2.32 F Arm Set,Maestro 2.32 F Arm Set,1150.000000,540.000000,330.000000,1150.0,540.0,330.0,1.1500,0.5400,0.3300,123.500000,123.5000,0.205000,0.205000,1.000000,P,P,,,,,,,,False,False,UNKNOWN_DRAFT,,[]
MAESTRO2.35FP,29037,,Maestro Hoist 2.35 F Premium,Maestro Hoist 2.35 F Premium,Maestro Hoist 2.35 F Premium,Maestro Hoist 2.35 F Premium,3150.000000,1150.000000,700.000000,3150.0,1150.0,700.0,3.1500,1.1500,0.7000,700.000000,700.0000,2.536000,2.536000,1.000000,P,P,,,,,,,,False,False,UNKNOWN_DRAFT,,[]
MAESTRO2.35FPD,29038,,Maestro Hoist 2.35 FP DAMAGED,Maestro Hoist 2.35 FP DAMAGED,Maestro Hoist 2.35 F Premium - Damaged Return,Maestro Hoist 2.35 F Premium - Damaged Return,3150.000000,1150.000000,700.000000,3150.0,1150.0,700.0,3.1500,1.1500,0.7000,700.000000,700.0000,2.536000,2.536000,1.000000,P,P,,,,,,,,False,False,UNKNOWN_DRAFT,,[]
MAESTRO2.55FVAS,29040,,Maestro 2.55 F 2 Post Hoist,Maestro 2.55 F 2 Post Hoist,Maestro 2.55 F 2 Post Hoist,Maestro 2.55 F 2 Post Hoist,3350.000000,1150.000000,1850.000000,3350.0,1150.0,1850.0,3.3500,1.1500,1.8500,1600.000000,1600.0000,7.127000,7.127000,1.000000,P,P,,,,,,,,False,False,UNKNOWN_DRAFT,,[]
MAESTRO32MFP,29041,,Maestro 32MF Prem 2 Post Hoist,Maestro 32MF Prem 2 Post Hoist,Maestro 32MF Premium 2 Post Hoist,Maestro 32MF Premium 2 Post Hoist,2840.000000,1140.000000,530.000000,2840.0,1140.0,530.0,2.8400,1.1400,0.5300,576.000000,576.0000,1.716000,1.716000,1.000000,P,P,,,,,,,,False,False,UNKNOWN_DRAFT,,[]
MAESTRO35F,29042,,Maestro 35 F,Maestro 35 F,Maestro 35 F,Maestro 35 F,2900.000000,1100.000000,550.000000,2900.0,1100.0,550.0,2.9000,1.1000,0.5500,682.000000,682.0000,1.755000,1.755000,1.000000,P,P,,,,,,,,False,False,UNKNOWN_DRAFT,,[]
MAESTRO35MF,29043,SOURCE_DIMENSIONS_ZERO | DIMENSIONS_DIFFERENT,Maestro 35 MF,Maestro 35 MF,Maestro 35 MF,Maestro 35 MF,0.000000,0.000000,0.000000,3150.0,1150.0,700.0,3.1500,1.1500,0.7000,700.000000,700.0000,2.535000,2.535000,1.000000,P,P,,,,,,,,False,False,UNKNOWN_DRAFT,,[]
MAESTRO35MFP,29044,,Maestro 35MF Prem 2 Post Hoist,Maestro 35MF Prem 2 Post Hoist,Maestro 35MF Premium 2 Post Hoist,Maestro 35MF Premium 2 Post Hoist,3150.000000,1150.000000,700.000000,3150.0,1150.0,700.0,3.1500,1.1500,0.7000,700.000000,700.0000,2.536000,2.536000,1.000000,P,P,,,,,,,,False,False,UNKNOWN_DRAFT,,[]
MAGIX35DS,29049,,Magix 35DS Double Scissor Lift,Magix 35DS Double Scissor Lift,Magix 35DS Double Scissor Lift,Magix 35DS Double Scissor Lift,1790.000000,780.000000,920.000000,1790.0,780.0,920.0,1.7900,0.7800,0.9200,864.000000,864.0000,1.285000,1.285000,1.000000,P,P,,,,,,,,False,False,UNKNOWN_DRAFT,,[]
MAGIX35DS-2,29050,,Magix 35DS-2 Double Scissor,Magix 35DS-2 Double Scissor,Magix 35DS-2 Double Scissor  Lift,Magix 35DS-2 Double Scissor  Lift,1730.000000,1020.000000,590.000000,1730.0,1020.0,590.0,1.7300,1.0200,0.5900,842.000000,842.0000,1.041000,1.041000,1.000000,P,P,,,,,,,,False,False,UNKNOWN_DRAFT,,[]
MAGNAT35,29051,SOURCE_DIMENSIONS_ZERO | DIMENSIONS_DIFFERENT,Two Post Hoist,Two Post Hoist,Two Post Hoist,Two Post Hoist,0.000000,0.000000,0.000000,3000.0,1150.0,400.0,3.0000,1.1500,0.4000,800.000000,800.0000,1.380000,1.380000,1.000000,P,P,,,,,,,,False,False,UNKNOWN_DRAFT,,[]
MAGNAT35RAL5002,29052,,Two Post Hoist RAL 5002,Two Post Hoist RAL 5002,Two Post Hoist RAL 5002,Two Post Hoist RAL 5002,2950.000000,1150.000000,500.000000,2950.0,1150.0,500.0,2.9500,1.1500,0.5000,800.000000,800.0000,1.696000,1.696000,1.000000,P,P,,,,,,,,False,False,UNKNOWN_DRAFT,,[]
MAJOR4.55,29056,,"Major 4.55 - 30-55-WL, 230-400","Major 4.55 - 30-55-WL, 230-400","Major 4.55 - 30-55-WL, 230-400/3/50","Major 4.55 - 30-55-WL, 230-400/3/50",6540.000000,900.000000,700.000000,6540.0,900.0,700.0,6.5400,0.9000,0.7000,1749.000000,1749.0000,4.120000,4.120000,3.000000,P,P,,,,,,,,False,False,UNKNOWN_DRAFT,,[]
MAJOR5529-55WL,29057,SOURCE_DIMENSIONS_ZERO | DIMENSIONS_DIFFERENT,Major 5529.55 WL 4 Poist Hoist,Major 5529.55 WL 4 Poist Hoist,Major 5529.55 WL 4 Poist Hoist,Major 5529.55 WL 4 Poist Hoist,0.000000,0.000000,0.000000,5940.0,810.0,640.0,5.9400,0.8100,0.6400,3308.000000,3308.0000,5.990000,5.990000,4.000000,P,P,,,,,,,,False,False,UNKNOWN_DRAFT,,[]
MAJOR7230,29058,,Major 7230-60 S,Major 7230-60 S,Major 7230-60 S,Major 7230-60 S,6600.000000,950.000000,700.000000,6600.0,950.0,700.0,6.6000,0.9500,0.7000,1800.000000,1800.0000,4.389000,4.389000,1.000000,P,P,,,,,,,,False,False,UNKNOWN_DRAFT,,[]
MAS235,29083,SOURCE_DIMENSIONS_ZERO | DIMENSIONS_DIFFERENT,Masterlift 2.35 SAA 2.30 Hoist,Masterlift 2.35 SAA 2.30 Hoist,Masterlift 2.35 SAA 2.30 Sport In Ground Hoist,Masterlift 2.35 SAA 2.30 Sport In Ground Hoist,0.000000,0.000000,0.000000,1200.0,2600.0,700.0,1.2000,2.6000,0.7000,2410.000000,2410.0000,8.856000,8.856000,6.000000,P,P,,,,,,,,False,False,UNKNOWN_DRAFT,,[]
MAXI100,29165,SOURCE_DIMENSIONS_ZERO | DIMENSIONS_DIFFERENT | WEIGHT_DIFFERENT | CUBIC_DIFFERENT,Maxi 100 Truck Hoist,Maxi 100 Truck Hoist,Maxi 160 Truck Hoist,Maxi 160 Truck Hoist,0.000000,0.000000,0.000000,3980.0,710.0,530.0,3.9800,0.7100,0.5300,2724.000000,2720.0000,0.000000,6.762000,6.000000,P,P,,,,,,,,False,False,UNKNOWN_DRAFT,,[]
MAXI160,29166,SOURCE_DIMENSIONS_ZERO | DIMENSIONS_DIFFERENT,Maxi 160 Truck Hoist,Maxi 160 Truck Hoist,Maxi 160 Truck Hoist,Maxi 160 Truck Hoist,0.000000,0.000000,0.000000,3000.0,640.0,510.0,3.0000,0.6400,0.5100,4850.000000,4850.0000,7.754000,7.754000,6.000000,P,P,,,,,,,,False,False,UNKNOWN_DRAFT,,[]
MICRO100LH-2,30244,SOURCE_DIMENSIONS_ZERO | DIMENSIONS_DIFFERENT | WEIGHT_DIFFERENT | CUBIC_DIFFERENT,Micro 100 2 cyl Jacking Beam,Micro 100 2 cyl Jacking Beam,Micro 100 2 cyl Jacking Beam,Micro 100 2 cyl Jacking Beam,0.000000,0.000000,0.000000,1050.0,700.0,800.0,1.0500,0.7000,0.8000,310.000000,620.0000,0.588000,1.176000,1.000000,P,P,,,,,,,,False,False,UNKNOWN_DRAFT,,[]
MICRO20,30245,SOURCE_DIMENSIONS_ZERO | DIMENSIONS_DIFFERENT | WEIGHT_DIFFERENT | CUBIC_DIFFERENT,Micro 20 (2953) Jacking Beam,Micro 20 (2953) Jacking Beam,Micro 20 (2953) Jacking Beam,Micro 20 (2953) Jacking Beam,0.000000,0.000000,0.000000,1100.0,450.0,400.0,1.1000,0.4500,0.4000,145.000000,435.0000,0.198000,0.594000,1.000000,P,P,,,,,,,,False,False,UNKNOWN_DRAFT,,[]
MICRO20/4488,30246,SOURCE_DIMENSIONS_ZERO | DIMENSIONS_DIFFERENT | WEIGHT_DIFFERENT,Micro 20/4488 Jacking Beam,Micro 20/4488 Jacking Beam,Micro 20/4488 Jacking Beam,Micro 20/4488 Jacking Beam,0.000000,0.000000,0.000000,1100.0,450.0,400.0,1.1000,0.4500,0.4000,429.000000,143.0000,0.594000,0.594000,3.000000,P,P,,,,,,,,False,False,UNKNOWN_DRAFT,,[]
MICRO2000,30247,SOURCE_DIMENSIONS_ZERO | DIMENSIONS_DIFFERENT,Micro 2000 Jacking Beams,Micro 2000 Jacking Beams,Micro 2000 Jacking Beams,Micro 2000 Jacking Beams,0.000000,0.000000,0.000000,900.0,760.0,360.0,0.9000,0.7600,0.3600,160.000000,160.0000,0.246000,0.246000,1.000000,P,P,,,,,,,,False,False,UNKNOWN_DRAFT,,[]
MICRO2000RAL2002,30248,SOURCE_DIMENSIONS_ZERO | DIMENSIONS_DIFFERENT | WEIGHT_DIFFERENT | CUBIC_DIFFERENT,Micro 2000 Jacking Beams,Micro 2000 Jacking Beams,Micro 2000 Jacking Beams,Micro 2000 Jacking Beams,0.000000,0.000000,0.000000,910.0,740.0,360.0,0.9100,0.7400,0.3600,156.000000,468.0000,0.242000,0.726000,1.000000,P,P,,,,,,,,False,False,UNKNOWN_DRAFT,,[]
MICRO2000RAL5015,30249,WEIGHT_DIFFERENT | CUBIC_DIFFERENT,Micro 2000 Jacking Beams Blue,Micro 2000 Jacking Beams Blue,Micro 2000 Jacking Beams Blue,Micro 2000 Jacking Beams Blue,910.000000,740.000000,360.000000,910.0,740.0,360.0,0.9100,0.7400,0.3600,156.000000,468.0000,0.242000,0.726000,1.000000,P,P,,,,,,,,False,False,UNKNOWN_DRAFT,,[]
MICRO2000RAL9005,30250,SOURCE_DIMENSIONS_ZERO | DIMENSIONS_DIFFERENT | WEIGHT_DIFFERENT | CUBIC_DIFFERENT,Micro 2000 Jack Beam Jet Black,Micro 2000 Jack Beam Jet Black,Micro 2000 Jacking Beams Jet Black,Micro 2000 Jacking Beams Jet Black,0.000000,0.000000,0.000000,910.0,740.0,360.0,0.9100,0.7400,0.3600,156.000000,468.0000,0.242000,0.726000,1.000000,P,P,,,,,,,,False,False,UNKNOWN_DRAFT,,[]
MICRO225,30251,SOURCE_DIMENSIONS_ZERO | DIMENSIONS_DIFFERENT | WEIGHT_DIFFERENT | CUBIC_DIFFERENT,Jacking Beam CMPlat Scr (Red),Jacking Beam CMPlat Scr (Red),Jacking Beam for CM Patfrom Scissors (Red),Jacking Beam for CM Patfrom Scissors (Red),0.000000,0.000000,0.000000,870.0,670.0,350.0,0.8700,0.6700,0.3500,135.000000,405.0000,0.204000,0.612000,1.000000,P,P,,,,,,,,False,False,UNKNOWN_DRAFT,,[]
MICRO225-9005,30252,SOURCE_DIMENSIONS_ZERO | DIMENSIONS_DIFFERENT | WEIGHT_DIFFERENT | CUBIC_DIFFERENT,Jacking Beam Black 9005 Black,Jacking Beam Black 9005 Black,Jacking Beam 225 - 9005 Customer Black,Jacking Beam 225 - 9005 Customer Black,0.000000,0.000000,0.000000,870.0,670.0,350.0,0.8700,0.6700,0.3500,135.000000,405.0000,0.204000,0.612000,1.000000,P,P,,,,,,,,False,False,UNKNOWN_DRAFT,,[]
MICRO26,30253,,Micro 26 - Air Hydraulic,Micro 26 - Air Hydraulic,Micro 26 - Air Hydraulic - For MAJOR 4.55 WL,Micro 26 - Air Hydraulic - For MAJOR 4.55 WL,1120.000000,400.000000,500.000000,1120.0,400.0,500.0,1.1200,0.4000,0.5000,150.000000,150.0000,0.224000,0.224000,1.000000,P,P,,,,,,,,False,False,UNKNOWN_DRAFT,,[]
MICRO3000,30254,SOURCE_DIMENSIONS_ZERO | DIMENSIONS_DIFFERENT | WEIGHT_DIFFERENT | CUBIC_DIFFERENT,Micro 3000 Jacking Beams,Micro 3000 Jacking Beams,Micro 3000 Jacking Beams,Micro 3000 Jacking Beams,0.000000,0.000000,0.000000,1200.0,770.0,450.0,1.2000,0.7700,0.4500,180.000000,540.0000,0.415700,1.247000,1.000000,P,P,,,,,,,,False,False,UNKNOWN_DRAFT,,[]
MICRO3000-B,30255,SOURCE_DIMENSIONS_ZERO | DIMENSIONS_DIFFERENT | CUBIC_DIFFERENT,Micro 3000 Jacking Beams,Micro 3000 Jacking Beams,Micro 3000 Jacking Beams,Micro 3000 Jacking Beams,0.000000,0.000000,0.000000,1040.0,740.0,440.0,1.0400,0.7400,0.4400,213.000000,213.0000,0.340000,0.339000,1.000000,P,P,,,,,,,,False,False,UNKNOWN_DRAFT,,[]
MICRO3000-B R5,30256,SOURCE_DIMENSIONS_ZERO | DIMENSIONS_DIFFERENT | WEIGHT_DIFFERENT | CUBIC_DIFFERENT,Micro3000-B Jacking BeamsR5005,Micro3000-B Jacking BeamsR5005,Micro 3000-B Jacking Beams RAL 5005,Micro 3000-B Jacking Beams RAL 5005,0.000000,0.000000,0.000000,1050.0,770.0,450.0,1.0500,0.7700,0.4500,180.000000,540.0000,0.364000,1.092000,1.000000,P,P,,,,,,,,False,False,UNKNOWN_DRAFT,,[]
MICRO3000RAL2002,30258,SOURCE_DIMENSIONS_ZERO | DIMENSIONS_DIFFERENT | WEIGHT_DIFFERENT | CUBIC_DIFFERENT,Micro 3000 Jacking Beams 2002,Micro 3000 Jacking Beams 2002,Micro 3000 Jacking Beams RAL2002,Micro 3000 Jacking Beams RAL2002,0.000000,0.000000,0.000000,1200.0,750.0,400.0,1.2000,0.7500,0.4000,180.000000,540.0000,0.360000,1.080000,1.000000,P,P,,,,,,,,False,False,UNKNOWN_DRAFT,,[]
MICRO3000RAL5002,30259,SOURCE_DIMENSIONS_ZERO | DIMENSIONS_DIFFERENT | WEIGHT_DIFFERENT | CUBIC_DIFFERENT,Micro 3000 Jacking Beams 5002,Micro 3000 Jacking Beams 5002,Micro 3000 Jacking Beams RAL5002,Micro 3000 Jacking Beams RAL5002,0.000000,0.000000,0.000000,1200.0,750.0,400.0,1.2000,0.7500,0.4000,180.000000,540.0000,0.360000,1.080000,1.000000,P,P,,,,,,,,False,False,UNKNOWN_DRAFT,,[]
MICRO3000RAL5015,30260,SOURCE_DIMENSIONS_ZERO | DIMENSIONS_DIFFERENT | WEIGHT_DIFFERENT | CUBIC_DIFFERENT,Micro 3000 Jacking Beams Blue,Micro 3000 Jacking Beams Blue,Micro 3000 Jacking Beams Kmart Blue,Micro 3000 Jacking Beams Kmart Blue,0.000000,0.000000,0.000000,1200.0,750.0,400.0,1.2000,0.7500,0.4000,180.000000,540.0000,0.360000,1.080000,1.000000,P,P,,,,,,,,False,False,UNKNOWN_DRAFT,,[]
MICRO3000RAL7016,30261,SOURCE_DIMENSIONS_ZERO | DIMENSIONS_DIFFERENT | WEIGHT_DIFFERENT | CUBIC_DIFFERENT,Micro 3000 Jacking Beams Grey,Micro 3000 Jacking Beams Grey,Micro 3000 Jacking Beams Grey,Micro 3000 Jacking Beams Grey,0.000000,0.000000,0.000000,1200.0,750.0,400.0,1.2000,0.7500,0.4000,180.000000,540.0000,0.360000,1.080000,1.000000,P,P,,,,,,,,False,False,UNKNOWN_DRAFT,,[]
MICRO3000RAL9005,30262,SOURCE_DIMENSIONS_ZERO | DIMENSIONS_DIFFERENT | WEIGHT_DIFFERENT | CUBIC_DIFFERENT,Micro 3000 Jacking Beams Black,Micro 3000 Jacking Beams Black,Micro 3000 Jacking Beams Black,Micro 3000 Jacking Beams Black,0.000000,0.000000,0.000000,1200.0,770.0,450.0,1.2000,0.7700,0.4500,180.000000,540.0000,0.416000,1.248000,1.000000,P,P,,,,,,,,False,False,UNKNOWN_DRAFT,,[]
MICRO40,30263,SOURCE_DIMENSIONS_ZERO | DIMENSIONS_DIFFERENT | WEIGHT_DIFFERENT | CUBIC_DIFFERENT,Micro 40 Jacking Beam,Micro 40 Jacking Beam,Micro 40 Jacking Beam,Micro 40 Jacking Beam,0.000000,0.000000,0.000000,910.0,580.0,670.0,0.9100,0.5800,0.6700,199.000000,597.0000,0.354000,1.062000,1.000000,P,P,,,,,,,,False,False,UNKNOWN_DRAFT,,[]
MICRO40LH,30264,SOURCE_DIMENSIONS_ZERO | DIMENSIONS_DIFFERENT | WEIGHT_DIFFERENT | CUBIC_DIFFERENT,Micro 40 LH,Micro 40 LH,Micro 40 LH,Micro 40 LH,0.000000,0.000000,0.000000,910.0,580.0,670.0,0.9100,0.5800,0.6700,199.000000,597.0000,0.354000,1.062000,1.000000,P,P,,,,,,,,False,False,UNKNOWN_DRAFT,,[]
MICRO60,30265,,Micro 60,Micro 60,Micro 60,Micro 60,1200.000000,750.000000,1000.000000,1200.0,750.0,1000.0,1.2000,0.7500,1.0000,567.000000,567.0000,0.810000,0.810000,1.000000,P,P,,,,,,,,False,False,UNKNOWN_DRAFT,,[]
ML-2.35-ARMS,30323,WEIGHT_DIFFERENT | CUBIC_DIFFERENT,2nd Hand Arms for Masterl,2nd Hand Arms for Masterl,2nd Hand Arms for Masterlift 2.35 Saa,2nd Hand Arms for Masterlift 2.35 Saa,1200.000000,800.000000,500.000000,1200.0,800.0,500.0,1.2000,0.8000,0.5000,130.000000,260.0000,0.240000,0.480000,1.000000,P,P,,,,,,,,False,False,UNKNOWN_DRAFT,,[]
ML2.35SAA230,30326,SOURCE_DIMENSIONS_ZERO | DIMENSIONS_DIFFERENT,Masterlift 2.35 Saa 230 InGrnd,Masterlift 2.35 Saa 230 InGrnd,Masterlift 2.35 Saa 230 In-Ground Hoist,Masterlift 2.35 Saa 230 In-Ground Hoist,0.000000,0.000000,0.000000,1200.0,800.0,550.0,1.2000,0.8000,0.5500,845.000000,845.0000,2.244000,2.244000,2.000000,P,P,,,,,,,,False,False,UNKNOWN_DRAFT,,[]
MSNU1772945SP1,30728,,Pallet Spare Parts MSNU1772945,Pallet Spare Parts MSNU1772945,Pallet Spare Parts MSNU1772945,Pallet Spare Parts MSNU1772945,1170.000000,1170.000000,730.000000,1170.0,1170.0,730.0,1.1700,1.1700,0.7300,486.000000,486.0000,0.999000,0.999000,1.000000,P,P,,,,,,,,False,False,UNKNOWN_DRAFT,,[]
MSNU1892067SP1,30732,,Pallet Spare Parts MSNU1892067,Pallet Spare Parts MSNU1892067,Pallet Spare Parts MSNU1892067,Pallet Spare Parts MSNU1892067,1200.000000,800.000000,770.000000,1200.0,800.0,770.0,1.2000,0.8000,0.7700,112.000000,112.0000,0.739000,0.739000,1.000000,P,P,,,,,,,,False,False,UNKNOWN_DRAFT,,[]
MSNU1892067SP2,30733,,Pallet Spare Parts MSNU1892067,Pallet Spare Parts MSNU1892067,Pallet Spare Parts MSNU1892067,Pallet Spare Parts MSNU1892067,2200.000000,1170.000000,550.000000,2200.0,1170.0,550.0,2.2000,1.1700,0.5500,360.000000,360.0000,1.416000,1.416000,1.000000,P,P,,,,,,,,False,False,UNKNOWN_DRAFT,,[]
MX35LSMG,30807,SOURCE_DIMENSIONS_ZERO | DIMENSIONS_DIFFERENT,MagiX 35 LSMG Scissor Lift,MagiX 35 LSMG Scissor Lift,MagiX 35 LSMG Scissor Lift,MagiX 35 LSMG Scissor Lift,0.000000,0.000000,0.000000,2150.0,2150.0,250.0,2.1500,2.1500,0.2500,629.000000,629.0000,1.399000,1.399000,2.000000,P,P,,,,,,,,False,False,UNKNOWN_DRAFT,,[]
PBT,32111,DIMENSIONS_DIFFERENT | WEIGHT_DIFFERENT | CUBIC_DIFFERENT,Plate Brake Tester,Plate Brake Tester,Plate Brake Tester,Plate Brake Tester,1920.000000,720.000000,420.000000,420.0,730.0,1900.0,0.4200,0.7300,1.9000,400.000000,380.0000,0.581000,0.583000,1.000000,P,P,,,,,,,,False,False,UNKNOWN_DRAFT,,[]
PLHF3S5000,32317,,Power Lift HF 3S 5000,Power Lift HF 3S 5000,Power Lift HF 3S 5000,Power Lift HF 3S 5000,4300.000000,1200.000000,900.000000,4300.0,1200.0,900.0,4.3000,1.2000,0.9000,1470.000000,1470.0000,4.644000,4.644000,1.000000,P,P,,,,,,,,False,False,UNKNOWN_DRAFT,,[]
RAL2002,33045,WEIGHT_DIFFERENT | CUBIC_DIFFERENT,Wheel Adaptors for SMC30CBLED,Wheel Adaptors for SMC30CBLED,Wheel Adaptors for SMC30CBLED,Wheel Adaptors for SMC30CBLED,1260.000000,800.000000,450.000000,1260.0,800.0,450.0,1.2600,0.8000,0.4500,11.916700,286.0000,0.018900,0.454000,1.000000,P,P,,,,,,,,False,False,UNKNOWN_DRAFT,,[]
RECESS-KIT,33194,,H Tile Frame & Covers x 2,H Tile Frame & Covers x 2,H Tile Frame & Covers x 2,H Tile Frame & Covers x 2,2300.000000,1100.000000,800.000000,2300.0,1100.0,800.0,2.3000,1.1000,0.8000,1520.000000,1520.0000,2.024000,2.024000,1.000000,P,P,,,,,,,,False,False,UNKNOWN_DRAFT,,[]
RT130,33573,SOURCE_DIMENSIONS_ZERO | DIMENSIONS_DIFFERENT,Brake Tester,Brake Tester,Brake Tester,Brake Tester,0.000000,0.000000,0.000000,3000.0,800.0,820.0,3.0000,0.8000,0.8200,1390.000000,1390.0000,3.634000,3.634000,3.000000,P,P,,,,,,,,False,False,UNKNOWN_DRAFT,,[]
RT187-2,33581,WEIGHT_DIFFERENT | CUBIC_DIFFERENT,Roller Brake Tester,Roller Brake Tester,Roller Brake Tester,Roller Brake Tester,1600.000000,1200.000000,1500.000000,1600.0,1200.0,1500.0,1.6000,1.2000,1.5000,1050.000000,2100.0000,1.440000,2.880000,2.000000,P,P,,,,,,,,False,False,UNKNOWN_DRAFT,,[]
RT40,33603,,Roller Brake Tester,Roller Brake Tester,Roller Brake Tester,Roller Brake Tester,2400.000000,800.000000,600.000000,2400.0,800.0,600.0,2.4000,0.8000,0.6000,450.000000,450.0000,1.152000,1.152000,1.000000,P,P,,,,,,,,False,False,UNKNOWN_DRAFT,,[]
S0857-700,33675,WEIGHT_DIFFERENT | CUBIC_DIFFERENT,H Frame & Covers,H Frame & Covers,H Frame & Covers,H Frame & Covers,2600.000000,1100.000000,600.000000,2600.0,1100.0,600.0,2.6000,1.1000,0.6000,435.000000,870.0000,0.858000,1.716000,1.000000,P,P,,,,,,,,False,False,UNKNOWN_DRAFT,,[]
S0857-S1,33676,WEIGHT_DIFFERENT | CUBIC_DIFFERENT,H Frame & Covers,H Frame & Covers,H Frame & Covers,H Frame & Covers,2600.000000,1100.000000,600.000000,2600.0,1100.0,600.0,2.6000,1.1000,0.6000,435.000000,870.0000,0.858000,1.716000,1.000000,P,P,,,,,,,,False,False,UNKNOWN_DRAFT,,[]
SB40,33840,SOURCE_DIMENSIONS_ZERO | DIMENSIONS_DIFFERENT | WEIGHT_DIFFERENT | CUBIC_DIFFERENT,Two Post Hoist,Two Post Hoist,Two Post Hoist,Two Post Hoist,0.000000,0.000000,0.000000,3000.0,1150.0,400.0,3.0000,1.1500,0.4000,672.000000,800.0000,1.312000,1.380000,1.000000,P,P,,,,,,,,False,False,UNKNOWN_DRAFT,,[]
SB40-MP-24-3PH,33845,DIMENSIONS_DIFFERENT | WEIGHT_DIFFERENT | CUBIC_DIFFERENT | POSSIBLE_MM_CM_SCALE,SB40 Power Unit 3PH,SB40 Power Unit 3PH,SB40 Power Unit 3PH,SB40 Power Unit 3PH,800.000000,240.000000,340.000000,8000.0,2400.0,3400.0,8.0000,2.4000,3.4000,23.100000,24.0000,0.003300,0.049000,1.000000,P,P,TL_APPROX_0.1X_OPERATIONAL,,,,,,,False,False,UNKNOWN_DRAFT,,[]
SB40RAL7016,33846,SOURCE_DIMENSIONS_ZERO | DIMENSIONS_DIFFERENT,Two Post Hoist 3 Phase,Two Post Hoist 3 Phase,Two Post Hoist 3 Phase,Two Post Hoist 3 Phase,0.000000,0.000000,0.000000,3000.0,1150.0,400.0,3.0000,1.1500,0.4000,800.000000,800.0000,1.380000,1.380000,1.000000,P,P,,,,,,,,False,False,UNKNOWN_DRAFT,,[]
SB40RAL70161PH,33847,SOURCE_DIMENSIONS_ZERO | DIMENSIONS_DIFFERENT,Two Post Hoist 1 Phase,Two Post Hoist 1 Phase,Two Post Hoist 1 Phase,Two Post Hoist 1 Phase,0.000000,0.000000,0.000000,3000.0,1150.0,400.0,3.0000,1.1500,0.4000,800.000000,800.0000,1.380000,1.380000,1.000000,P,P,,,,,,,,False,False,UNKNOWN_DRAFT,,[]
SB40RAL70163PH,33848,SOURCE_DIMENSIONS_ZERO | DIMENSIONS_DIFFERENT,Two Post Hoist 3 Phase,Two Post Hoist 3 Phase,Two Post Hoist 3 Phase,Two Post Hoist 3 Phase,0.000000,0.000000,0.000000,3000.0,1150.0,400.0,3.0000,1.1500,0.4000,800.000000,800.0000,1.380000,1.380000,1.000000,P,P,,,,,,,,False,False,UNKNOWN_DRAFT,,[]
SB45WB-G,33849,SOURCE_DIMENSIONS_ZERO | DIMENSIONS_DIFFERENT | WEIGHT_DIFFERENT | CUBIC_DIFFERENT,Bradbury Wash Bay Galv 2 PARTS,Bradbury Wash Bay Galv 2 PARTS,Bradbury Wash Bay Galvanised Hoist 2 PARTS,Bradbury Wash Bay Galvanised Hoist 2 PARTS,0.000000,0.000000,0.000000,2930.0,1120.0,400.0,2.9300,1.1200,0.4000,825.000000,770.0000,1.795000,1.313000,2.000000,P,P,,,,,,,,False,False,UNKNOWN_DRAFT,,[]
SM245,35131,,Two Post Hoist,Two Post Hoist,Two Post Hoist,Two Post Hoist,2950.000000,1150.000000,500.000000,2950.0,1150.0,500.0,2.9500,1.1500,0.5000,800.000000,800.0000,1.696000,1.696000,1.000000,P,P,,,,,,,,False,False,UNKNOWN_DRAFT,,[]
SM245-17-55,35132,,SM245-17-55,SM245-17-55,Carton,Carton,100.000000,100.000000,80.000000,100.0,100.0,80.0,0.1000,0.1000,0.0800,1.000000,1.0000,0.001000,0.001000,0.000000,C,C,,,,,,,,False,False,UNKNOWN_DRAFT,,[]
SM245-A-17,35133,,SM245-A-17,SM245-A-17,Carton,Carton,200.000000,150.000000,150.000000,200.0,150.0,150.0,0.2000,0.1500,0.1500,4.000000,4.0000,0.005000,0.005000,0.000000,C,C,,,,,,,,False,False,UNKNOWN_DRAFT,,[]
SM245-B,35136,,Two Post Hoist,Two Post Hoist,Two Post Hoist,Two Post Hoist,2950.000000,1150.000000,500.000000,2950.0,1150.0,500.0,2.9500,1.1500,0.5000,800.000000,800.0000,1.696000,1.696000,1.000000,P,P,,,,,,,,False,False,UNKNOWN_DRAFT,,[]
SM245-BRAL2002,35137,,Two Post Hoist,Two Post Hoist,Two Post Hoist,Two Post Hoist,2950.000000,1150.000000,500.000000,2950.0,1150.0,500.0,2.9500,1.1500,0.5000,800.000000,800.0000,1.696000,1.696000,1.000000,P,P,,,,,,,,False,False,UNKNOWN_DRAFT,,[]
SM245-BRAL5002,35138,,Two Post Hoist,Two Post Hoist,Two Post Hoist,Two Post Hoist,2950.000000,1150.000000,500.000000,2950.0,1150.0,500.0,2.9500,1.1500,0.5000,800.000000,800.0000,1.696000,1.696000,1.000000,P,P,,,,,,,,False,False,UNKNOWN_DRAFT,,[]
SM245-BRAL5015,35139,,Two Post Hoist,Two Post Hoist,Two Post Hoist,Two Post Hoist,2950.000000,1150.000000,500.000000,2950.0,1150.0,500.0,2.9500,1.1500,0.5000,800.000000,800.0000,1.696000,1.696000,1.000000,P,P,,,,,,,,False,False,UNKNOWN_DRAFT,,[]
SM245-BRAL6001,35140,SOURCE_DIMENSIONS_ZERO | DIMENSIONS_DIFFERENT,Two Post Hoist Emerald Green,Two Post Hoist Emerald Green,Two Post Hoist Emerald Green,Two Post Hoist Emerald Green,0.000000,0.000000,0.000000,3000.0,1150.0,400.0,3.0000,1.1500,0.4000,800.000000,800.0000,1.380000,1.380000,1.000000,P,P,,,,,,,,False,False,UNKNOWN_DRAFT,,[]
SM245-BRAL9005,35141,SOURCE_DIMENSIONS_ZERO | DIMENSIONS_DIFFERENT,Two Post Hoist Jet Black,Two Post Hoist Jet Black,Two Post Hoist Jet Black,Two Post Hoist Jet Black,0.000000,0.000000,0.000000,3000.0,1150.0,400.0,3.0000,1.1500,0.4000,800.000000,800.0000,1.380000,1.380000,1.000000,P,P,,,,,,,,False,False,UNKNOWN_DRAFT,,[]
SM245-ELA,35143,SOURCE_DIMENSIONS_ZERO | DIMENSIONS_DIFFERENT | WEIGHT_DIFFERENT | CUBIC_DIFFERENT,Rear LgArms 880-1560mm +LokGrs,Rear LgArms 880-1560mm +LokGrs,Rear Long Arms Set (880mm - 1560mm)Incl.Lock Gears,Rear Long Arms Set (880mm - 1560mm)Incl.Lock Gears,0.000000,0.000000,0.000000,0.0,0.0,0.0,1.0500,0.2000,0.2000,0.000000,110.0000,0.000000,0.042000,0.000000,C,C,,,,,,,,False,False,UNKNOWN_DRAFT,,[]
SM245-KTAS,35144,SOURCE_DIMENSIONS_ZERO | DIMENSIONS_DIFFERENT,Two Post Hoist for Kmart,Two Post Hoist for Kmart,Two Post Hoist for Kmart,Two Post Hoist for Kmart,0.000000,0.000000,0.000000,3000.0,1150.0,400.0,3.0000,1.1500,0.4000,800.000000,800.0000,1.380000,1.380000,1.000000,P,P,,,,,,,,False,False,UNKNOWN_DRAFT,,[]
SM245-Q,35154,,Two Post Hoist Quarantined,Two Post Hoist Quarantined,Two Post Hoist Quarantined,Two Post Hoist Quarantined,2950.000000,1150.000000,500.000000,2950.0,1150.0,500.0,2.9500,1.1500,0.5000,800.000000,800.0000,1.696000,1.696000,1.000000,P,P,,,,,,,,False,False,UNKNOWN_DRAFT,,[]
SM245-SHORT,35155,SOURCE_DIMENSIONS_ZERO | DIMENSIONS_DIFFERENT,Two Post Hoist Short Version,Two Post Hoist Short Version,Two Post Hoist Short Version,Two Post Hoist Short Version,0.000000,0.000000,0.000000,3000.0,1150.0,400.0,3.0000,1.1500,0.4000,800.000000,800.0000,1.380000,1.380000,1.000000,P,P,,,,,,,,False,False,UNKNOWN_DRAFT,,[]
SM245COPP,35157,,Two Post Hoist Antique Copper,Two Post Hoist Antique Copper,Two Post Hoist Antique Copper,Two Post Hoist Antique Copper,2950.000000,1150.000000,500.000000,2950.0,1150.0,500.0,2.9500,1.1500,0.5000,800.000000,800.0000,1.696000,1.696000,1.000000,P,P,,,,,,,,False,False,UNKNOWN_DRAFT,,[]
SM245EXPP,35158,SOURCE_DIMENSIONS_ZERO | DIMENSIONS_DIFFERENT,Two Post Hoist Excl PowerPack,Two Post Hoist Excl PowerPack,Two Post Hoist Excluding Power Pack and Control Box,Two Post Hoist Excluding Power Pack and Control Box,0.000000,0.000000,0.000000,3000.0,1150.0,400.0,3.0000,1.1500,0.4000,800.000000,800.0000,1.380000,1.380000,1.000000,P,P,,,,,,,,False,False,UNKNOWN_DRAFT,,[]
SM245Q,35159,SOURCE_DIMENSIONS_ZERO | DIMENSIONS_DIFFERENT,Two Post Hoist Quarantined,Two Post Hoist Quarantined,Two Post Hoist Quarantined,Two Post Hoist Quarantined,0.000000,0.000000,0.000000,3000.0,1150.0,400.0,3.0000,1.1500,0.4000,800.000000,800.0000,1.380000,1.380000,1.000000,P,P,,,,,,,,False,False,UNKNOWN_DRAFT,,[]
SM245RAL2002,35160,SOURCE_DIMENSIONS_ZERO | DIMENSIONS_DIFFERENT,"3 Phase, 2 Post Hoist w Signum","3 Phase, 2 Post Hoist w Signum","3 Phase, 2 Post Hoist with Signum","3 Phase, 2 Post Hoist with Signum",0.000000,0.000000,0.000000,3000.0,1150.0,400.0,3.0000,1.1500,0.4000,800.000000,800.0000,1.380000,1.380000,1.000000,P,P,,,,,,,,False,False,UNKNOWN_DRAFT,,[]
SM245RAL3001,35161,SOURCE_DIMENSIONS_ZERO | DIMENSIONS_DIFFERENT,Two Post Hoist Signal Red,Two Post Hoist Signal Red,Two Post Hoist Signal Red,Two Post Hoist Signal Red,0.000000,0.000000,0.000000,3000.0,1150.0,400.0,3.0000,1.1500,0.4000,800.000000,800.0000,1.380000,1.380000,1.000000,P,P,,,,,,,,False,False,UNKNOWN_DRAFT,,[]
SM245RAL5002,35162,SOURCE_DIMENSIONS_ZERO | DIMENSIONS_DIFFERENT,Two Post Hoist Ultramarine Blu,Two Post Hoist Ultramarine Blu,Two Post Hoist Ultramarine Blue,Two Post Hoist Ultramarine Blue,0.000000,0.000000,0.000000,3000.0,1150.0,400.0,3.0000,1.1500,0.4000,800.000000,800.0000,1.380000,1.380000,1.000000,P,P,,,,,,,,False,False,UNKNOWN_DRAFT,,[]
SM245RAL5015,35163,SOURCE_DIMENSIONS_ZERO | DIMENSIONS_DIFFERENT,2 Post Hoist w/Low ArmsRAL5015,2 Post Hoist w/Low ArmsRAL5015,SM 245 Universal 2 Post Hoist With Low Arms (D) RAL 5015  - KMart Blue,SM 245 Universal 2 Post Hoist With Low Arms (D) RAL 5015  - KMart Blue,0.000000,0.000000,0.000000,3000.0,1150.0,400.0,3.0000,1.1500,0.4000,800.000000,800.0000,1.380000,1.380000,1.000000,P,P,,,,,,,,False,False,UNKNOWN_DRAFT,,[]
SM245RAL6001,35164,SOURCE_DIMENSIONS_ZERO | DIMENSIONS_DIFFERENT,Two Post Hoist Emerald Green,Two Post Hoist Emerald Green,Two Post Hoist Emerald Green,Two Post Hoist Emerald Green,0.000000,0.000000,0.000000,3000.0,1150.0,400.0,3.0000,1.1500,0.4000,800.000000,800.0000,1.380000,1.380000,1.000000,P,P,,,,,,,,False,False,UNKNOWN_DRAFT,,[]
SM245RAL6018,35165,SOURCE_DIMENSIONS_ZERO | DIMENSIONS_DIFFERENT,Two Post Hoist Green,Two Post Hoist Green,Two Post Hoist Green,Two Post Hoist Green,0.000000,0.000000,0.000000,3000.0,1150.0,400.0,3.0000,1.1500,0.4000,800.000000,800.0000,1.380000,1.380000,1.000000,P,P,,,,,,,,False,False,UNKNOWN_DRAFT,,[]
SM245RAL7016,35166,SOURCE_DIMENSIONS_ZERO | DIMENSIONS_DIFFERENT,Two Post Hoist Anthracite Grey,Two Post Hoist Anthracite Grey,Two Post Hoist Anthracite Grey,Two Post Hoist Anthracite Grey,0.000000,0.000000,0.000000,3000.0,1150.0,400.0,3.0000,1.1500,0.4000,800.000000,800.0000,1.380000,1.380000,1.000000,P,P,,,,,,,,False,False,UNKNOWN_DRAFT,,[]
SM245RAL7037,35167,SOURCE_DIMENSIONS_ZERO | DIMENSIONS_DIFFERENT,Two Post Hoist Grey Yellow,Two Post Hoist Grey Yellow,Two Post Hoist Grey Yellow,Two Post Hoist Grey Yellow,0.000000,0.000000,0.000000,3000.0,1150.0,400.0,3.0000,1.1500,0.4000,800.000000,800.0000,1.380000,1.380000,1.000000,P,P,,,,,,,,False,False,UNKNOWN_DRAFT,,[]
SM245RAL9005,35168,SOURCE_DIMENSIONS_ZERO | DIMENSIONS_DIFFERENT,Two Post Hoist Jet Black,Two Post Hoist Jet Black,Two Post Hoist Jet Black,Two Post Hoist Jet Black,0.000000,0.000000,0.000000,3000.0,1150.0,400.0,3.0000,1.1500,0.4000,800.000000,800.0000,1.380000,1.380000,1.000000,P,P,,,,,,,,False,False,UNKNOWN_DRAFT,,[]
SM270,35170,,2 Post 7 Tonne Hoist,2 Post 7 Tonne Hoist,2 Post 7 Tonne Hoist,2 Post 7 Tonne Hoist,2930.000000,1120.000000,900.000000,2930.0,1120.0,900.0,2.9300,1.1200,0.9000,1680.000000,1680.0000,2.953000,2.953000,1.000000,P,P,,,,,,,,False,False,UNKNOWN_DRAFT,,[]
SM270-BF,35173,,Base Frame Set 1 set = 2 parts,Base Frame Set 1 set = 2 parts,Base Frame Set - 1 Set = 2 pieces - Goes with the SM270 HOIST,Base Frame Set - 1 Set = 2 pieces - Goes with the SM270 HOIST,2000.000000,200.000000,200.000000,2000.0,200.0,200.0,2.0000,0.2000,0.2000,50.000000,50.0000,0.080000,0.080000,1.000000,P,P,,,,,,,,False,False,UNKNOWN_DRAFT,,[]
SM270RAL5015,35180,,2 Post 7 Tonne Hoist,2 Post 7 Tonne Hoist,2 Post 7 Tonne Hoist,2 Post 7 Tonne Hoist,2930.000000,1120.000000,900.000000,2930.0,1120.0,900.0,2.9300,1.1200,0.9000,1680.000000,1680.0000,2.953000,2.953000,1.000000,P,P,,,,,,,,False,False,UNKNOWN_DRAFT,,[]
SM270RAL7016,35181,,2 Post 7 Tonne Hoist Grey,2 Post 7 Tonne Hoist Grey,2 Post 7 Tonne Hoist Grey,2 Post 7 Tonne Hoist Grey,2930.000000,1120.000000,900.000000,2930.0,1120.0,900.0,2.9300,1.1200,0.9000,1680.000000,1680.0000,2.953000,2.953000,1.000000,P,P,,,,,,,,False,False,UNKNOWN_DRAFT,,[]
SM270RAL9005,35182,,2 Post 7 Tonne Hoist Black,2 Post 7 Tonne Hoist Black,2 Post 7 Tonne Hoist Black,2 Post 7 Tonne Hoist Black,2930.000000,1120.000000,900.000000,2930.0,1120.0,900.0,2.9300,1.1200,0.9000,1680.000000,1680.0000,2.953000,2.953000,1.000000,P,P,,,,,,,,False,False,UNKNOWN_DRAFT,,[]
SM300,35183,,Double Scissor Hoist,Double Scissor Hoist,Double Scissor Hoist,Double Scissor Hoist,1700.000000,770.000000,770.000000,1700.0,770.0,770.0,1.7000,0.7700,0.7700,848.000000,848.0000,1.008000,1.008000,1.000000,P,P,,,,,,,,False,False,UNKNOWN_DRAFT,,[]
SM300-Q,35184,,Double Scissor Quarantined,Double Scissor Quarantined,Double Scissor Hoist Quarantined,Double Scissor Hoist Quarantined,1700.000000,770.000000,770.000000,1700.0,770.0,770.0,1.7000,0.7700,0.7700,848.000000,848.0000,1.008000,1.008000,1.000000,P,P,,,,,,,,False,False,UNKNOWN_DRAFT,,[]
SM300-Q2,35185,,Double Scissor Hoist,Double Scissor Hoist,Double Scissor Hoist Quarantined,Double Scissor Hoist Quarantined,1700.000000,770.000000,970.000000,1700.0,770.0,970.0,1.7000,0.7700,0.9700,88.000000,88.0000,1.270000,1.270000,1.000000,P,P,,,,,,,,False,False,UNKNOWN_DRAFT,,[]
SM30001PH,35186,,Nussbaum Sprinter Single Phase,Nussbaum Sprinter Single Phase,Nussbaum Sprinter Mobile 3000 Single Phase,Nussbaum Sprinter Mobile 3000 Single Phase,1600.000000,2200.000000,500.000000,1600.0,2200.0,500.0,1.6000,2.2000,0.5000,570.000000,570.0000,1.760000,1.760000,1.000000,P,P,,,,,,,,False,False,UNKNOWN_DRAFT,,[]
SM30001PHD,35187,,Nussbaum Sprinter Single Dmgd,Nussbaum Sprinter Single Dmgd,Nussbaum Sprinter Mobile 3000 Single Phase - Damaged,Nussbaum Sprinter Mobile 3000 Single Phase - Damaged,1600.000000,2200.000000,500.000000,1600.0,2200.0,500.0,1.6000,2.2000,0.5000,570.000000,570.0000,1.760000,1.760000,1.000000,P,P,,,,,,,,False,False,UNKNOWN_DRAFT,,[]
SM30003PH,35188,,Nussbaum Sprinter Three Phase,Nussbaum Sprinter Three Phase,Nussbaum Sprinter Mobile 3000 Three Phase,Nussbaum Sprinter Mobile 3000 Three Phase,1600.000000,2200.000000,500.000000,1600.0,2200.0,500.0,1.6000,2.2000,0.5000,570.000000,570.0000,1.760000,1.760000,1.000000,P,P,,,,,,,,False,False,UNKNOWN_DRAFT,,[]
SM300A,35189,,Double Scissor Hoist Colours,Double Scissor Hoist Colours,Double Scissor Hoist Auto Stenhoj Colours,Double Scissor Hoist Auto Stenhoj Colours,1700.000000,770.000000,770.000000,1700.0,770.0,770.0,1.7000,0.7700,0.7700,848.000000,848.0000,1.008000,1.008000,1.000000,P,P,,,,,,,,False,False,UNKNOWN_DRAFT,,[]
SM300RAL2002,35190,,Double Scissor Hoist Red,Double Scissor Hoist Red,Double Scissor Hoist Red,Double Scissor Hoist Red,1700.000000,770.000000,770.000000,1700.0,770.0,770.0,1.7000,0.7700,0.7700,848.000000,848.0000,1.008000,1.008000,1.000000,P,P,,,,,,,,False,False,UNKNOWN_DRAFT,,[]
SM300RAL5002,35191,,Double Scissor Hoist RAL5002,Double Scissor Hoist RAL5002,Double Scissor Hoist RAL5002,Double Scissor Hoist RAL5002,1700.000000,770.000000,770.000000,1700.0,770.0,770.0,1.7000,0.7700,0.7700,848.000000,848.0000,1.008000,1.008000,1.000000,P,P,,,,,,,,False,False,UNKNOWN_DRAFT,,[]
SM300RAL5015,35192,,Double Scissor Hoist RAL5015,Double Scissor Hoist RAL5015,Double Scissor Hoist RAL5015,Double Scissor Hoist RAL5015,1700.000000,770.000000,770.000000,1700.0,770.0,770.0,1.7000,0.7700,0.7700,848.000000,848.0000,1.008000,1.008000,1.000000,P,P,,,,,,,,False,False,UNKNOWN_DRAFT,,[]
SM300RAL7016,35193,,Double Scissor Hoist Grey,Double Scissor Hoist Grey,Double Scissor Hoist Grey,Double Scissor Hoist Grey,1700.000000,770.000000,770.000000,1700.0,770.0,770.0,1.7000,0.7700,0.7700,848.000000,848.0000,1.008000,1.008000,1.000000,P,P,,,,,,,,False,False,UNKNOWN_DRAFT,,[]
SM300RAL9005,35194,,Double Scissor Hoist Black,Double Scissor Hoist Black,Double Scissor Hoist Auto Stenhoj Black,Double Scissor Hoist Auto Stenhoj Black,1700.000000,770.000000,770.000000,1700.0,770.0,770.0,1.7000,0.7700,0.7700,848.000000,848.0000,1.008000,1.008000,1.000000,P,P,,,,,,,,False,False,UNKNOWN_DRAFT,,[]
SM300TK,35195,,SM300 Transverse Kit,SM300 Transverse Kit,SM300 Transverse Kit,SM300 Transverse Kit,1580.000000,340.000000,390.000000,1580.0,340.0,390.0,1.5800,0.3400,0.3900,50.000000,50.0000,0.210000,0.210000,1.000000,P,P,,,,,,,,False,False,UNKNOWN_DRAFT,,[]
SM4000-ARAL2002,35196,,Four Tonne Scissor Hoist Red,Four Tonne Scissor Hoist Red,Four Tonne Scissor Hoist Red,Four Tonne Scissor Hoist Red,4610.000000,700.000000,1700.000000,4610.0,700.0,1700.0,4.6100,0.7000,1.7000,2000.000000,2000.0000,5.486000,5.486000,1.000000,P,P,,,,,,,,False,False,UNKNOWN_DRAFT,,[]
SM4000-ARAL5015,35197,,Four Tonne Scissor Hoist Blue,Four Tonne Scissor Hoist Blue,Four Tonne Scissor Hoist Blue,Four Tonne Scissor Hoist Blue,4610.000000,700.000000,1700.000000,4610.0,700.0,1700.0,4.6100,0.7000,1.7000,2000.000000,2000.0000,5.486000,5.486000,1.000000,P,P,,,,,,,,False,False,UNKNOWN_DRAFT,,[]
SM4000-COLL-A,35198,,4T Scissor Hoist Collingwood,4T Scissor Hoist Collingwood,4T Scissor Hoist Collingwood,4T Scissor Hoist Collingwood,4800.000000,810.000000,620.000000,4800.0,810.0,620.0,4.8000,0.8100,0.6200,1800.000000,1800.0000,2.411000,2.411000,1.000000,P,P,,,,,,,,False,False,UNKNOWN_DRAFT,,[]
SM4000-COLL-B,35199,,4T Scissor Hoist Collingwood,4T Scissor Hoist Collingwood,4T Scissor Hoist Collingwood,4T Scissor Hoist Collingwood,910.000000,610.000000,1130.000000,910.0,610.0,1130.0,0.9100,0.6100,1.1300,80.000000,80.0000,0.627000,0.627000,1.000000,P,P,,,,,,,,False,False,UNKNOWN_DRAFT,,[]
SM4120,35204,DIMENSIONS_DIFFERENT | WEIGHT_DIFFERENT | CUBIC_DIFFERENT,Four Post Hoist 12T,Four Post Hoist 12T,Four Post Hoist 123T,Four Post Hoist 123T,7300.000000,800.000000,1300.000000,7320.0,800.0,1120.0,7.3200,0.8000,1.1200,3400.000000,3700.0000,7.592000,6.560000,1.000000,P,P,,,,,,,,False,False,UNKNOWN_DRAFT,,[]
SM440-A,35206,,4 Post 4 Tonne Wheel Alignment,4 Post 4 Tonne Wheel Alignment,Four Post Four Tonne Wheel Alignment,Four Post Four Tonne Wheel Alignment,4450.000000,700.000000,800.000000,4450.0,700.0,800.0,4.4500,0.7000,0.8000,1550.000000,1550.0000,2.492000,2.492000,1.000000,P,P,,,,,,,,False,False,UNKNOWN_DRAFT,,[]
SM440-A RAL2002,35207,,4 Post 4 Tn Wheel AlignRAL2002,4 Post 4 Tn Wheel AlignRAL2002,Four Post Four Tonne Wheel Alignment RAL2002,Four Post Four Tonne Wheel Alignment RAL2002,4450.000000,700.000000,800.000000,4450.0,700.0,800.0,4.4500,0.7000,0.8000,1550.000000,1550.0000,2.492000,2.492000,1.000000,P,P,,,,,,,,False,False,UNKNOWN_DRAFT,,[]
SM440-A_RAL9005,35211,,4 Post 4 Tonne W/Align Jet Blk,4 Post 4 Tonne W/Align Jet Blk,Four Post Four Tonne Wheel Alignment Jet Black,Four Post Four Tonne Wheel Alignment Jet Black,4450.000000,700.000000,800.000000,4450.0,700.0,800.0,4.4500,0.7000,0.8000,1550.000000,1550.0000,2.492000,2.492000,1.000000,P,P,,,,,,,,False,False,UNKNOWN_DRAFT,,[]
SM440-S,35212,,4 Post 4 Tonne Hoist,4 Post 4 Tonne Hoist,4 Post 4 Tonne Hoist,4 Post 4 Tonne Hoist,4600.000000,700.000000,700.000000,4600.0,700.0,700.0,4.6000,0.7000,0.7000,1330.000000,1330.0000,2.254000,2.254000,1.000000,P,P,,,,,,,,False,False,UNKNOWN_DRAFT,,[]
SM440-S WB-G GAV,35213,,4 Post 4 Tonne Galv Hoist,4 Post 4 Tonne Galv Hoist,4 Post 4 Tonne Galv Hoist,4 Post 4 Tonne Galv Hoist,4600.000000,700.000000,700.000000,4600.0,700.0,700.0,4.6000,0.7000,0.7000,1330.000000,1330.0000,2.254000,2.254000,1.000000,P,P,,,,,,,,False,False,UNKNOWN_DRAFT,,[]
SM440-S/3PH,35216,,4 Post 4 Tonne Hoist Maroon,4 Post 4 Tonne Hoist Maroon,4 Post 4 Tonne Hoist Maroon,4 Post 4 Tonne Hoist Maroon,4520.000000,620.000000,700.000000,4520.0,620.0,700.0,4.5200,0.6200,0.7000,1200.000000,1200.0000,1.962000,1.962000,1.000000,P,P,,,,,,,,False,False,UNKNOWN_DRAFT,,[]
SM440-SGALV,35217,,4 Post 4 Tonne Galv Hoist,4 Post 4 Tonne Galv Hoist,4 Post 4 Tonne Galv Hoist,4 Post 4 Tonne Galv Hoist,4520.000000,620.000000,700.000000,4520.0,620.0,700.0,4.5200,0.6200,0.7000,1200.000000,1200.0000,1.962000,1.962000,1.000000,P,P,,,,,,,,False,False,UNKNOWN_DRAFT,,[]
SM440-SWB,35218,,4 Post 4 Tonne Wash Bay Hoist,4 Post 4 Tonne Wash Bay Hoist,4 Post 4 Tonne Wash Bay Hoist,4 Post 4 Tonne Wash Bay Hoist,4520.000000,620.000000,700.000000,4520.0,620.0,700.0,4.5200,0.6200,0.7000,1200.000000,1200.0000,1.962000,1.962000,1.000000,P,P,,,,,,,,False,False,UNKNOWN_DRAFT,,[]
SM440-S_RAL2002,35219,DIMENSIONS_DIFFERENT | WEIGHT_DIFFERENT | CUBIC_DIFFERENT,4 Post 4 Tonne Hoist Red,4 Post 4 Tonne Hoist Red,4 Post 4 Tonne Hoist Red,4 Post 4 Tonne Hoist Red,4600.000000,700.000000,700.000000,4520.0,620.0,700.0,4.5200,0.6200,0.7000,1330.000000,1200.0000,2.254000,1.962000,1.000000,P,P,,,,,,,,False,False,UNKNOWN_DRAFT,,[]
SM440-S_RAL9005,35220,,4 Post 4 Tonne Hoist Jet Black,4 Post 4 Tonne Hoist Jet Black,4 Post 4 Tonne Hoist Jet Black,4 Post 4 Tonne Hoist Jet Black,4520.000000,620.000000,700.000000,4520.0,620.0,700.0,4.5200,0.6200,0.7000,1200.000000,1200.0000,1.962000,1.962000,1.000000,P,P,,,,,,,,False,False,UNKNOWN_DRAFT,,[]
SM450,35222,,Four Post Hoist - Red,Four Post Hoist - Red,Four Post Hoist- Red,Four Post Hoist- Red,4660.000000,710.000000,1010.000000,4660.0,710.0,1010.0,4.6600,0.7100,1.0100,1760.000000,1760.0000,3.342000,3.342000,1.000000,P,P,,,,,,,,False,False,UNKNOWN_DRAFT,,[]
SM450-A,35223,,Four Post Hoist -,Four Post Hoist -,Four Post Hoist - Colour Ref in Serial Number,Four Post Hoist - Colour Ref in Serial Number,4700.000000,750.000000,1050.000000,4700.0,750.0,1050.0,4.7000,0.7500,1.0500,1750.000000,1750.0000,3.701000,3.701000,1.000000,P,P,,,,,,,,False,False,UNKNOWN_DRAFT,,[]
SM450-A/3PH,35226,SOURCE_DIMENSIONS_ZERO | DIMENSIONS_DIFFERENT,Four Post Hoist - Red,Four Post Hoist - Red,Four Post Hoist - Red,Four Post Hoist - Red,0.000000,0.000000,0.000000,4700.0,750.0,1050.0,4.7000,0.7500,1.0500,1750.000000,1750.0000,3.702000,3.702000,1.000000,P,P,,,,,,,,False,False,UNKNOWN_DRAFT,,[]
SM450-ARAL2002,35227,,Four Post Hoist - RAL2002,Four Post Hoist - RAL2002,Four Post Hoist - RAL2002,Four Post Hoist - RAL2002,4700.000000,750.000000,1050.000000,4700.0,750.0,1050.0,4.7000,0.7500,1.0500,1750.000000,1750.0000,3.701000,3.701000,1.000000,P,P,,,,,,,,False,False,UNKNOWN_DRAFT,,[]
SM450-ARAL5002,35228,SOURCE_DIMENSIONS_ZERO | DIMENSIONS_DIFFERENT,Four Post Hoist - RAL5002,Four Post Hoist - RAL5002,Four Post Hoist - RAL5002,Four Post Hoist - RAL5002,0.000000,0.000000,0.000000,4700.0,750.0,1050.0,4.7000,0.7500,1.0500,1750.000000,1750.0000,3.702000,3.702000,1.000000,P,P,,,,,,,,False,False,UNKNOWN_DRAFT,,[]
SM450-ARAL5015,35229,SOURCE_DIMENSIONS_ZERO | DIMENSIONS_DIFFERENT,Four Post Hoist - Blue,Four Post Hoist - Blue,Four Post Hoist - Blue,Four Post Hoist - Blue,0.000000,0.000000,0.000000,4700.0,750.0,1050.0,4.7000,0.7500,1.0500,1750.000000,1750.0000,3.702000,3.702000,1.000000,P,P,,,,,,,,False,False,UNKNOWN_DRAFT,,[]
SM450-ARAL7016,35230,SOURCE_DIMENSIONS_ZERO | DIMENSIONS_DIFFERENT,Four Post Hoist - Grey,Four Post Hoist - Grey,Four Post Hoist - Grey,Four Post Hoist - Grey,0.000000,0.000000,0.000000,4700.0,750.0,1050.0,4.7000,0.7500,1.0500,1750.000000,1750.0000,3.702000,3.702000,1.000000,P,P,,,,,,,,False,False,UNKNOWN_DRAFT,,[]
SM450-ARAL9005,35231,SOURCE_DIMENSIONS_ZERO | DIMENSIONS_DIFFERENT,Four Post Hoist - Black,Four Post Hoist - Black,Four Post Hoist - Black,Four Post Hoist - Black,0.000000,0.000000,0.000000,4700.0,750.0,1050.0,4.7000,0.7500,1.0500,1750.000000,1750.0000,3.702000,3.702000,1.000000,P,P,,,,,,,,False,False,UNKNOWN_DRAFT,,[]
SM460,35248,SOURCE_DIMENSIONS_ZERO | DIMENSIONS_DIFFERENT,4 Post 6 Tonne Hoist,4 Post 6 Tonne Hoist,4 Post 6 Tonne Hoist,4 Post 6 Tonne Hoist,0.000000,0.000000,0.000000,5600.0,700.0,1220.0,5.6000,0.7000,1.2200,2200.000000,2200.0000,4.782000,4.782000,1.000000,P,P,,,,,,,,False,False,UNKNOWN_DRAFT,,[]
SM460-A,35249,,4 Post 6 Tonne Hoist,4 Post 6 Tonne Hoist,4 Post 6 Tonne Hoist,4 Post 6 Tonne Hoist,5600.000000,740.000000,1050.000000,5600.0,740.0,1050.0,5.6000,0.7400,1.0500,2200.000000,2200.0000,4.351000,4.351000,1.000000,P,P,,,,,,,,False,False,UNKNOWN_DRAFT,,[]
SM460-A/RAL2002,35251,DIMENSIONS_DIFFERENT | CUBIC_DIFFERENT,4 Post 6 Tonne Hoist,4 Post 6 Tonne Hoist,4 Post 6 Tonne Hoist,4 Post 6 Tonne Hoist,5600.000000,700.000000,1150.000000,5600.0,700.0,1220.0,5.6000,0.7000,1.2200,2200.000000,2200.0000,4.508000,4.782000,1.000000,P,P,,,,,,,,False,False,UNKNOWN_DRAFT,,[]
SM460-S,35257,,4 Post 6 Tonne Hoist,4 Post 6 Tonne Hoist,4 Post 6 Tonne Hoist,4 Post 6 Tonne Hoist,5600.000000,740.000000,1050.000000,5600.0,740.0,1050.0,5.6000,0.7400,1.0500,2200.000000,2200.0000,4.351000,4.351000,1.000000,P,P,,,,,,,,False,False,UNKNOWN_DRAFT,,[]
SM460-S/RAL2002,35265,,4 Post 6 Tonne Hoist,4 Post 6 Tonne Hoist,4 Post 6 Tonne Hoist,4 Post 6 Tonne Hoist,5600.000000,700.000000,1000.000000,5600.0,700.0,1000.0,5.6000,0.7000,1.0000,2200.000000,2200.0000,3.920000,3.920000,1.000000,P,P,,,,,,,,False,False,UNKNOWN_DRAFT,,[]
SM460-SRAL5002,35266,,4 Post 6 Tonne Hoist RAL 5002,4 Post 6 Tonne Hoist RAL 5002,4 Post 6 Tonne Hoist RAL 5002,4 Post 6 Tonne Hoist RAL 5002,5600.000000,700.000000,1220.000000,5600.0,700.0,1220.0,5.6000,0.7000,1.2200,2200.000000,2200.0000,4.782000,4.782000,1.000000,P,P,,,,,,,,False,False,UNKNOWN_DRAFT,,[]
SM460-SRAL7016,35267,,4 Post 6 Tonne Hoist RAL 7016,4 Post 6 Tonne Hoist RAL 7016,4 Post 6 Tonne Hoist RAL 7016,4 Post 6 Tonne Hoist RAL 7016,5600.000000,700.000000,1220.000000,5600.0,700.0,1220.0,5.6000,0.7000,1.2200,2200.000000,2200.0000,4.782000,4.782000,1.000000,P,P,,,,,,,,False,False,UNKNOWN_DRAFT,,[]
SM460-SRAL9005,35268,,4 Post 6 Tonne Hoist RAL 9005,4 Post 6 Tonne Hoist RAL 9005,4 Post 6 Tonne Hoist RAL 9005,4 Post 6 Tonne Hoist RAL 9005,5600.000000,700.000000,1220.000000,5600.0,700.0,1220.0,5.6000,0.7000,1.2200,2200.000000,2200.0000,4.782000,4.782000,1.000000,P,P,,,,,,,,False,False,UNKNOWN_DRAFT,,[]
SM755,35285,,Mobile Columns,Mobile Columns,Mobile 755 (4 Columns = 1 Set/Item,Mobile 755 (4 Columns = 1 Set/Item,1150.000000,1230.000000,2540.000000,1150.0,1230.0,2540.0,1.1500,1.2300,2.5400,541.000000,541.0000,3.538000,3.538000,1.000000,P,P,,,,,,,,False,False,UNKNOWN_DRAFT,,[]
SMC30CABLED,35309,SOURCE_DIMENSIONS_ZERO | DIMENSIONS_DIFFERENT,Cabled Mobile Column 4 per set,Cabled Mobile Column 4 per set,Cabled Mobile Column 4 per set,Cabled Mobile Column 4 per set,0.000000,0.000000,0.000000,1150.0,1230.0,2550.0,1.1500,1.2300,2.5500,2164.000000,2164.0000,14.430000,14.430000,4.000000,P,P,,,,,,,,False,False,UNKNOWN_DRAFT,,[]
SMC30CABLEDF,35310,,Cabled Mobile Column Faulty,Cabled Mobile Column Faulty,Cabled Mobile Column Faulty,Cabled Mobile Column Faulty,1150.000000,1230.000000,2550.000000,1150.0,1230.0,2550.0,1.1500,1.2300,2.5500,541.000000,541.0000,3.607000,3.607000,1.000000,P,P,,,,,,,,False,False,UNKNOWN_DRAFT,,[]
SP-SM270-P-1,35491,,Spare Part - SM270-P-1 Column,Spare Part - SM270-P-1 Column,Pallet,Pallet,2930.000000,1120.000000,900.000000,2930.0,1120.0,900.0,2.9300,1.1200,0.9000,1500.000000,1500.0000,2.953000,2.953000,1.000000,P,P,,,,,,,,False,False,UNKNOWN_DRAFT,,[]
UL35NTRAL7016,37006,SOURCE_DIMENSIONS_ZERO | DIMENSIONS_DIFFERENT,Uni Lift 3500 NT AMS w/ Latch,Uni Lift 3500 NT AMS w/ Latch,Uni Lift 3500 NT AMS (with latch) Above-Ground 4500,Uni Lift 3500 NT AMS (with latch) Above-Ground 4500,0.000000,0.000000,0.000000,4950.0,770.0,770.0,4.9500,0.7700,0.7700,2800.000000,2800.0000,6.206000,6.206000,3.000000,P,P,,,,,,,,False,False,UNKNOWN_DRAFT,,[]
