"row_type","case_id","test_type","purpose","suburb","state","postcode","tailgate","rank","expected_carrier","actual_carrier","carrier_status","expected_service","actual_service","service_status","expected_estimate_ex_gst","actual_estimate_ex_gst","difference","estimate_status","expected_total_weight_kg","actual_total_weight_kg","weight_status","expected_total_cubic_m3","actual_total_cubic_m3","cubic_status","overall_status","validation_status","source_page","notes"
"rank_output","CASE_001","Volumetric interstate / zone-rate lookup","Validate VIC destination, volumetric SKU, interstate carrier ranking, Tailgate NO.","CAROLINE SPRINGS","VIC","3020","NO","1","KTI","KTI","OK","GENERAL","GENERAL","OK","657.28","647.43","-9.85","FAIL","","","","","","","FAIL","validated_from_excel_screenshot","PDF p.1 top",""
"rank_output","CASE_001","Volumetric interstate / zone-rate lookup","Validate VIC destination, volumetric SKU, interstate carrier ranking, Tailgate NO.","CAROLINE SPRINGS","VIC","3020","NO","2","TEAMEX","TEAMEX","OK","ROAD","ROAD","OK","879.34","854.13","-25.21","FAIL","","","","","","","FAIL","validated_from_excel_screenshot","PDF p.1 top",""
"rank_output","CASE_002","Base consolidation / SA ranking","Validate base two-SKU consolidation, SA destination, total weight/cubic, ranking without tailgate.","BLAIR ATHOL","SA","5084","NO","1","TEAMEX","TEAMEX","OK","ROAD","ROAD","OK","145.28","140.81","-4.47","FAIL","","","","","","","FAIL","validated_from_excel_screenshot","PDF p.1 bottom / p.2",""
"rank_output","CASE_002","Base consolidation / SA ranking","Validate base two-SKU consolidation, SA destination, total weight/cubic, ranking without tailgate.","BLAIR ATHOL","SA","5084","NO","4","KTI","KTI","OK","GENERAL","GENERAL","OK","961.92","947.13","-14.79","FAIL","","","","","","","FAIL","validated_from_excel_screenshot","PDF p.1 bottom / p.2",""
"rank_output","CASE_007","Volumetric interstate + Tailgate","Validate VIC volumetric SKU with Tailgate YES against CASE_001.","CAROLINE SPRINGS","VIC","3020","YES","1","KTI","KTI","OK","GENERAL","GENERAL","OK","684.17","684.43","0.26","FAIL","","","","","","","FAIL","validated_from_excel_screenshot","PDF p.7",""
"rank_output","CASE_019","Interstate base two SKUs","Validate same base products as CASE_002 but VIC destination, Tailgate NO.","CAROLINE SPRINGS","VIC","3020","NO","1","KTI","KTI","OK","GENERAL","GENERAL","OK","154.23","154.28","0.05","FAIL","","","","","","","FAIL","validated_from_excel_screenshot","PDF p.19",""
"rank_output","CASE_020","Interstate base two SKUs + Tailgate","Validate CASE_019 with Tailgate YES.","CAROLINE SPRINGS","VIC","3020","YES","1","KTI","KTI","OK","GENERAL","GENERAL","OK","376.23","376.28","0.05","FAIL","","","","","","","FAIL","validated_from_excel_screenshot","PDF p.20",""
"component_totals","CASE_001","Volumetric interstate / zone-rate lookup","Validate VIC destination, volumetric SKU, interstate carrier ranking, Tailgate NO.","CAROLINE SPRINGS","VIC","3020","NO","","KTI","KTI","","GENERAL","GENERAL","","657.28","647.43","","","2196.5","2196.5000","OK","14.43","14.450000","FAIL","FAIL","validated_from_excel_screenshot","PDF p.1 top","Only 3 ranking rows visible in screenshot."
"component_totals","CASE_002","Base consolidation / SA ranking","Validate base two-SKU consolidation, SA destination, total weight/cubic, ranking without tailgate.","BLAIR ATHOL","SA","5084","NO","","TEAMEX","TEAMEX","","ROAD","ROAD","","145.28","140.81","","","1035.0","1035.0000","OK","0.912","1.032000","FAIL","FAIL","validated_from_excel_screenshot","PDF p.1 bottom / p.2","Duplicate screenshot on p.2 confirms same result."
"component_totals","CASE_003","Heavy SKU accepted / SM460-A","Validate heavy SKU accepted by carriers and ranking for SM460-A ? 4, Tailgate NO.","BLAIR ATHOL","SA","5084","NO","","STEA","STEA","","ROAD","ROAD","","133.28","133.28","","","8930.0","8930.0000","OK","4.351","4.431000","FAIL","FAIL","validated_from_excel_screenshot","PDF p.3","This is SM460-A; do not merge with SM460 cases."
"component_totals","CASE_004","Volumetric + Tailgate / multiple lines","Validate high cubic shipment with Tailgate YES and multiple lines of same SKU.","BLAIR ATHOL","SA","5084","YES","","STEA","STEA","","ROAD","ROAD","","316.84","316.84","","","10982.5","10982.5000","OK","28.86","28.960000","FAIL","FAIL","validated_from_excel_screenshot","PDF p.4","Two lines: qty 1 and qty 4."
"component_totals","CASE_005","Tailgate comparison / base two SKUs","Validate effect of Tailgate YES against CASE_002 same products/location.","BLAIR ATHOL","SA","5084","YES","","STEA","STEA","","ROAD","ROAD","","376.4","376.40","","","1035.0","1035.0000","OK","0.912","1.032000","FAIL","FAIL","validated_from_excel_screenshot","PDF p.5","Same input as CASE_002 but Tailgate YES and newer fuel date."
"component_totals","CASE_006","Heavy SKU + Tailgate / SM460","Validate heavy SM460 ? 4 with Tailgate YES.","BLAIR ATHOL","SA","5084","YES","","STEA","STEA","","ROAD","ROAD","","257.28","257.28","","","8930.0","8930.0000","OK","4.782","4.862000","FAIL","FAIL","validated_from_excel_screenshot","PDF p.6","Observed SKU is SM460, not SM460-A."
"component_totals","CASE_007","Volumetric interstate + Tailgate","Validate VIC volumetric SKU with Tailgate YES against CASE_001.","CAROLINE SPRINGS","VIC","3020","YES","","KTI","KTI","","GENERAL","GENERAL","","684.17","684.43","","","2196.5","2196.5000","OK","14.43","14.450000","FAIL","FAIL","validated_from_excel_screenshot","PDF p.7","Only 3 ranking rows visible."
"component_totals","CASE_008","Minimum/simple single SKU","Validate small single SKU 20772 ? 1, minimum/base charge and ranking.","BLAIR ATHOL","SA","5084","NO","","STEA","STEA","","ROAD","ROAD","","47.6","47.60","","","102.5","102.5000","OK","0.336","0.356000","FAIL","FAIL","validated_from_excel_screenshot","PDF p.8","Useful simple baseline with 5 visible rankings."
"component_totals","CASE_009","Minimum/simple second SKU","Validate single SKU 20985 ? 1, different weight/cubic from CASE_008.","BLAIR ATHOL","SA","5084","NO","","STEA","STEA","","ROAD","ROAD","","47.6","47.60","","","312.5","312.5000","OK","0.576","0.596000","FAIL","FAIL","validated_from_excel_screenshot","PDF p.9","4 visible rankings."
"component_totals","CASE_010","Small two-SKU consolidation","Validate two SKUs with quantity 1 each and combined totals.","BLAIR ATHOL","SA","5084","NO","","STEA","STEA","","ROAD","ROAD","","76.16","76.16","","","415.0","415.0000","OK","0.912","0.952000","FAIL","FAIL","validated_from_excel_screenshot","PDF p.10","Base consolidation small quantities."
"component_totals","CASE_011","Small two-SKU consolidation + Tailgate","Validate Tailgate YES on small two-SKU consolidation against CASE_010.","BLAIR ATHOL","SA","5084","YES","","STEA","STEA","","ROAD","ROAD","","138.16","138.16","","","415.0","415.0000","OK","0.912","0.952000","FAIL","FAIL","validated_from_excel_screenshot","PDF p.11","Same products as CASE_010 with Tailgate YES."
"component_totals","CASE_012","Heavy escalation / SM460 qty 1","Validate SM460 quantity 1, heavy/volumetric baseline and ranking.","BLAIR ATHOL","SA","5084","NO","","STEA","STEA","","ROAD","ROAD","","47.6","47.60","","","2232.5","2232.5000","OK","4.782","4.802000","FAIL","FAIL","validated_from_excel_screenshot","PDF p.12","Observed SKU is SM460."
"component_totals","CASE_013","Heavy escalation / SM460 qty 2","Validate SM460 quantity 2 to detect break/ranking changes.","BLAIR ATHOL","SA","5084","NO","","STEA","STEA","","ROAD","ROAD","","76.16","76.16","","","4465.0","4465.0000","OK","4.782","4.822000","FAIL","FAIL","validated_from_excel_screenshot","PDF p.13","Compare with CASE_012 and CASE_014."
"component_totals","CASE_014","Heavy escalation / SM460 qty 4","Validate SM460 quantity 4 without tailgate.","BLAIR ATHOL","SA","5084","NO","","STEA","STEA","","ROAD","ROAD","","133.28","133.28","","","8930.0","8930.0000","OK","4.782","4.862000","FAIL","FAIL","validated_from_excel_screenshot","PDF p.14","Compare with CASE_006 Tailgate YES."
"component_totals","CASE_015","Volumetric SA qty 1","Validate volumetric SKU in SA without tailgate, qty 1.","BLAIR ATHOL","SA","5084","NO","","STEA","STEA","","ROAD","ROAD","","47.6","47.60","","","2196.5","2196.5000","OK","14.43","14.450000","FAIL","FAIL","validated_from_excel_screenshot","PDF p.15","Compare with CASE_001 same SKU but VIC."
"component_totals","CASE_016","Volumetric SA escalation qty 2","Validate volumetric SKU qty 2 and ranking change.","BLAIR ATHOL","SA","5084","NO","","STEA","STEA","","ROAD","ROAD","","76.16","76.16","","","4393.0","4393.0000","OK","14.43","14.470000","FAIL","FAIL","validated_from_excel_screenshot","PDF p.16","Note Excel screenshot keeps total cubic at 14.430."
"component_totals","CASE_017","Volumetric SA escalation qty 3","Validate volumetric SKU qty 3 and ranking change.","BLAIR ATHOL","SA","5084","NO","","STEA","STEA","","ROAD","ROAD","","104.72","104.72","","","6589.5","6589.5000","OK","14.43","14.490000","FAIL","FAIL","validated_from_excel_screenshot","PDF p.17","Note Excel screenshot keeps total cubic at 14.430."
"component_totals","CASE_018","Volumetric SA escalation qty 4","Validate volumetric SKU qty 4 and ranking change.","BLAIR ATHOL","SA","5084","NO","","STEA","STEA","","ROAD","ROAD","","133.28","133.28","","","8786.0","8786.0000","OK","14.43","14.510000","FAIL","FAIL","validated_from_excel_screenshot","PDF p.18","Compare with CASE_004 multi-line Tailgate YES."
"component_totals","CASE_019","Interstate base two SKUs","Validate same base products as CASE_002 but VIC destination, Tailgate NO.","CAROLINE SPRINGS","VIC","3020","NO","","KTI","KTI","","GENERAL","GENERAL","","154.23","154.28","","","1035.0","1035.0000","OK","0.912","1.032000","FAIL","FAIL","validated_from_excel_screenshot","PDF p.19","Only 3 ranking rows visible."
"component_totals","CASE_020","Interstate base two SKUs + Tailgate","Validate CASE_019 with Tailgate YES.","CAROLINE SPRINGS","VIC","3020","YES","","KTI","KTI","","GENERAL","GENERAL","","376.23","376.28","","","1035.0","1035.0000","OK","0.912","1.032000","FAIL","FAIL","validated_from_excel_screenshot","PDF p.20","Only 3 ranking rows visible."
