"RelativePath","Existed","OldSHA256","NewSHA256"
"app/apps/freight/services/dtos.py","True","e9ac8d2a5f24abe73de7e1df3c0929b8bf1c919f305688a9542389b51637d3de","50b2ae43e5e60f5833bf43a7d82a6d79db9c497dab258721dd2c1af4eea83cb2"
"app/apps/freight/views.py","True","4b4a5f6e2054c2e807c939c7060be3c253c2825e913c0139761b0006135511f7","20ce2836870746a39eafbaa08897ced38a5c5ac6e9bf3564b43005d105e9ca05"
"app/apps/imports/admin.py","True","1ee77c231a18c2f20a257cfef4d1b9cc34d1b12812b36343bf1b829f01f62f6c","163334f27c9451b660e05f213bb8fd25eba0bfa76fca508eee700e000539a453"
"app/apps/imports/admin_bulk_review.py","True","77f6d6cbc43f0948da9e70eecde58e08c81a564da5ce520421463ab044b63e5c","fe8c89e213861733dbe19e017de6007916d7ade5ac4b553bf908fb00a1939ca3"
"app/apps/imports/admin_reconciliation.py","True","27578e3173d441e55904410f0f6279bda05b9696755d20f1681f09a77e23575c","7edfaba7606702a86046efbb47e354e4b7911a16a040ddd68bc4e452b29f0e61"
"app/apps/imports/forms.py","True","fd52e77eb169b7e8fa95a9098493dd1ef95a6dea21c0b6a119a0a5e2a3d2c76c","7231ac31709a73d501fdb49ca3ad0ca9ab4f1f76a75a18ac7900aef01eb30319"
"app/apps/imports/management/commands/review_product_customers.py","True","f4dacad95f18d80dc3175543aad4a9a5b444384b329bf0077a44f87076540a64","6da2deb9da2e78a8df29ccf859d03e1f94f51408f0b9505f45cfed2abd501356"
"app/apps/imports/services/product_correction_rounds.py","True","69f78903edcd87dc1ccf7b1cfa9b37d8eef46879dd86fdf523fae9746f8e4487","1de6a2b24b6e3d07a4878710e44d212e3c613ee57f90ec688bfd4cc210bbae5a"
"app/apps/imports/services/product_reconciliation.py","True","532fd28374e407f909ca298182a4f47f9760d2418449282e04c62c81bcd6f600","3bbb655d00ce0a696d421637a313d8a6913ca8295e54df370f8f5fe28a90f032"
"app/apps/imports/services/product_reconciliation_apply.py","True","1fcf3c70ca6fb8ccb297386d7ead296dc1a3e30c95f321db40ed26b263807583","c6116cc371f35480db2850aa8aa90fd7ccfee79bfaf4ceae89ca9ec192a679e6"
"app/apps/imports/services/product_reconciliation_memory.py","True","088bd0291055127492690aa3792c4d5b98238b708d20f0f4254c2f271e84645f","caf9d6388e6c31d5ae2752967749b33ae0f6f385c866e959282d802fffb66768"
"app/apps/imports/services/product_reconciliation_workspace.py","True","fc4f0561134c5c5ae86414b0d51c91f2cbf76959c21f0815563950497d825626","0285a98899b54dd8092a2b55dc4533518da5650a7f815515799ea7990fe22871"
"app/apps/imports/services/product_repair.py","True","e6ca23a8197ac08d1bc387ac5e44f3ba7a238cc8ffbc72b3ed5db764c87076d9","a6115efdff1e038244551d0b55d52242430a0278bee516d4c6cc06cf726013d5"
"app/apps/imports/services/product_source.py","True","554a7e65ea2d665e9b883c7f3885a73386f4c66a18c068a0dde0636aa4125043","cbd5760ea6d49bc00200e7471daa6fd33e2764461359ee5ea65366fabf84b761"
"app/apps/imports/services/stock_source.py","True","d7a46e3ad16396f7e1e37b6896aaba065bf6ef3577119c548a4f1dfbc8f1a8e6","ffca2516ee70246af67148216a47416f70335673088555a66dd359adde991662"
"app/apps/imports/tests/test_product_customer_identity.py","True","392b7811d0b9f0edc806cfe9cf07fb1dcde82334d14a2f0594dbafef4ebc6ab0","75e03229a425be9e777ec9e376e6586e77f75ceed1082bb37a850af131413d97"
"app/apps/products/admin.py","True","274ffae992244708ed96b340ce87b9ec0d07b9ba06e32985af1c3683fda2ee58","318c0728f53b390ad099c36e556c4e5a691ec17171643197cfa2b70ecc42d6ea"
"app/apps/products/migrations/0003_restore_client_sku_identity.py","False","","7083f61cc3d280272de058059f60c40459c1cc8a29e83cc0039a2c76acd9135a"
"app/apps/products/models.py","True","0020f6695f32d9f52e343d14405180ab4627c56e4bd6d4d8df1ee716d31ad926","548b5170bc38c5d2c622bc049d701e770e73b2523eb0787e299543bc1e946914"
"app/apps/products/selection.py","True","96d87243184f8b6a94969a42654f983608abc74ca57d39dc501a81da27ec91e5","2ce5a21f08ffae424e1f35b531e8033709a273e372fbfb1d025e25da78f4b924"
"app/apps/saved_estimates/services/calculation_bridge.py","True","7ca9cc78a01de5ed46c212ea0d80fa61a317a1ebdc026a571f613e4952831617","957382d9ac0bc919eba5a8d3aea783786d8c74e4ca8e2e3a2e91d71483de6ff5"
"app/apps/saved_estimates/services/exporters.py","True","af075a8f0749b99bbfdb2149a44d9f27aec4c312639832f43bebfdac8a39df76","29cb6b3298111a074fe13f0f9a8c39e450ad6376862cc02f0b32f661cf648465"
"app/apps/saved_estimates/services/pdf_export.py","True","183312fed645fc5a4167d6c111add0545c6fea05d2a1556129aa0d4f7b9d123d","92f71177132b4572b93162b5062eea078aafda609ccabe7f68bf0055623bf2cd"
"app/static/saved_estimates/estimate_actions.js","True","c0b4b84218927dc101469add82a16585ffc7dca37a0739e341d543e30c018693","d7ead6d4c9fc8a3a75b7eb9f33382843711e428289ac218f1f10dd1a0f7667db"
"app/templates/admin/imports/product_correction_round.html","True","bd9ba3d7117c589ff052947db222b11e6ffc1122bdeaa34d8f3aa52e317c9fe1","69f6be242adeb71fa7d71e19bfeb064f3c7b97c2ff3a463e3af066177073644a"
"app/templates/admin/imports/product_reconciliation_workspace.html","True","bbe911e9b585929121097278592f9e764fc1533bcbab88000ae35930948be403","5759e14a693eaa12f1be798ce78a9ac31e2163b58bed87c3c4bb44cddcb78d7f"
"app/templates/freight/calculator.html","True","63aa3bdef44124935c5b7c811a1843e001687b8090b10c3526d2df03dee7d91c","c6860eac0876078fcc89e5b696ce458f1ae07b00397e1e165f24b21c19fc283c"
