"RelativePath","OriginalSHA256","NewSHA256","ExistedAtApply"
"app/apps/imports/admin_reconciliation.py","88de35293f0fd9b470ddd3d33697bb401eb78155530959e892d0c6d42c3da857","632956a5208db6955238241a979cc6dad752fac7084d53b6b3f68abd577041a1","true"
"app/apps/imports/services/product_reconciliation_workspace.py","865d395f60ceb1e9bb5100fac54a96f7183b8502ee002206a8997a95e6c4dc56","c6bf299d68d50a99141202034c5f8064ddbbd728a80a1f85d793f76c1f1ee503","true"
"app/apps/imports/services/product_reconciliation_apply.py","b20ca6642c0284f9ded0e9c455c811a5c71cd0314677aaef0b28c1feeedf30ba","c5af21f96473a4a22657b0c3721e8b9c9e1ea4930f7fd952df08fca0ace61690","true"
"app/apps/imports/services/product_reconciliation_memory.py","746703301cd66a503a2a438de0f92dabe0e976e7947d56a43f928bb961e6f1b1","c4f658c54d85baeb470edac6cffdd92983abfad3184e6467ba7d06b6608b2ef0","true"
"app/templates/admin/imports/product_reconciliation_workspace.html","6ae903f249d66fcdca6c66c89a5b6a669c679d7fefe3c06cd87cf577f6c138ce","6ed9f6ec197c1fd580463d870dcb5fbdffaedc964d700dcc0ecebf6d32b4ecbf","true"
"app/apps/imports/tests/test_product_reconciliation_workspace.py","6c5c425ffcbf7df7c3feffe5fed4346d45da4779ad65c3a15f4ed3010567b4ef","48147fb2c6b2be6e423e2509315a56224f6c14a5848678082e1415ab688ee98e","true"
"README.md","2320fba9adf16aa7cc95ca37731c9a15e28e41b41a634a42f4bca47564434c2a","ddb7077085285515475bc05941c11c6cfaa6dca95f3faa3047965dcb09cad071","true"
"AI_REVIEW_CONTEXT.md","941ae37e4c2865f4db9ee2880e1d7d80e538d3ee58d4551dfa81a2b1e4742af3","a036e4fb47f88811e0e074b4ab8fa4ad1ca508cb9b1054e989400595d813258a","false"
"docs/20_ai_project_continuation_prompt.md","0e77aa66c5336a085d3fa2243c4749606876bfb47bd4db6e80533a673172eba4","fe992524935d04552cf66420443736c4c5ada80057b5ca3415bc391c86169791","true"
