row_type,check_type,case_id,test_type,purpose,suburb,state,postcode,tailgate,rank,expected_carrier,actual_carrier,carrier_status,expected_service,actual_service,service_status,expected_estimate_ex_gst,actual_estimate_ex_gst,difference,estimate_status,expected_total_weight_kg,actual_total_weight_kg,weight_status,expected_total_cubic_m3,actual_total_cubic_m3,cubic_status,actual_rating_cubic_m3,pallet_cubic_adjustment_m3,overall_status,validation_status,source_page,notes
rank_output,rank_output,RANDOM_5_002,random_excel_live,Random case generated from current Django database for Excel live validation.,DARLOW,NSW,2729,YES,1,TEAMEX,TEAMEX,OK,ROAD,ROAD,OK,2855.66,2855.66,0.00,OK,,,,,,,,,OK,generated_from_excel_live,Microsoft Excel automation,Generated on demand from live Excel workbook.
rank_output,rank_output,RANDOM_5_004,random_excel_live,Random case generated from current Django database for Excel live validation.,CAPE DOUGLAS,SA,5291,NO,1,COCHRN,COCHRN,OK,ROAD,ROAD,OK,1587.34,1587.35,0.01,OK,,,,,,,,,OK,generated_from_excel_live,Microsoft Excel automation,Generated on demand from live Excel workbook.
rank_output,rank_output,RANDOM_5_004,random_excel_live,Random case generated from current Django database for Excel live validation.,CAPE DOUGLAS,SA,5291,NO,2,TEAMEX,TEAMEX,OK,ROAD,ROAD,OK,4584.20,4584.21,0.01,OK,,,,,,,,,OK,generated_from_excel_live,Microsoft Excel automation,Generated on demand from live Excel workbook.
rank_output,rank_output,RANDOM_5_005,random_excel_live,Random case generated from current Django database for Excel live validation.,EULOMOGO,NSW,2830,NO,1,TEAMEX,TEAMEX,OK,ROAD,ROAD,OK,1109.20,1109.21,0.01,OK,,,,,,,,,OK,generated_from_excel_live,Microsoft Excel automation,Generated on demand from live Excel workbook.
component_totals,component_totals,RANDOM_5_001,random_excel_live,Random case generated from current Django database for Excel live validation.,MACKAY DELIVERY CENTRE,QLD,4740,YES,,,TEAMEX,,,ROAD,,,2208.31,,,2222.5,2222.5000,OK,3.835,3.835000,OK,3.935000,0.10,OK,generated_from_excel_live,Microsoft Excel automation,Totals read from configured Calculator cells.
component_totals,component_totals,RANDOM_5_002,random_excel_live,Random case generated from current Django database for Excel live validation.,DARLOW,NSW,2729,YES,,,TEAMEX,,,ROAD,,,2855.66,,,4318,4318.0000,OK,5.398,5.398000,OK,5.518000,0.12,OK,generated_from_excel_live,Microsoft Excel automation,Totals read from configured Calculator cells.
component_totals,component_totals,RANDOM_5_003,random_excel_live,Random case generated from current Django database for Excel live validation.,PERTH (GPO BOXES 9000-10000),WA,6848,YES,,,TEAMEX,,,ROAD,,,2016.33,,,4045.5,4045.5000,OK,7.665,7.665000,OK,7.805000,0.14,OK,generated_from_excel_live,Microsoft Excel automation,Totals read from configured Calculator cells.
component_totals,component_totals,RANDOM_5_004,random_excel_live,Random case generated from current Django database for Excel live validation.,CAPE DOUGLAS,SA,5291,NO,,,COCHRN,,,ROAD,,,1587.35,,,9982.5,9982.5000,OK,8.657,8.657000,OK,8.837000,0.18,OK,generated_from_excel_live,Microsoft Excel automation,Totals read from configured Calculator cells.
component_totals,component_totals,RANDOM_5_005,random_excel_live,Random case generated from current Django database for Excel live validation.,EULOMOGO,NSW,2830,NO,,,TEAMEX,,,ROAD,,,1109.21,,,1396,1396.0000,OK,4.396,4.396000,OK,4.476000,0.08,OK,generated_from_excel_live,Microsoft Excel automation,Totals read from configured Calculator cells.
